6,14,DbG+9nnz5W9cay/ycmHbCp2EagQ=,LJLbXx+kOcWouobPrZzuCbD0hp0=
5,13,DbG+9nnz5W9cay/ycmHbCp2EagQ=,LJLbXx+kOcWouobPrZzuCbD0hp0=
5,9,DbG+9nnz5W9cay/ycmHbCp2EagQ=,LJLbXx+kOcWouobPrZzuCbD0hp0=
3,13,DbG+9nnz5W9cay/ycmHbCp2EagQ=,LJLbXx+kOcWouobPrZzuCbD0hp0=
4,13,DbG+9nnz5W9cay/ycmHbCp2EagQ=,LJLbXx+kOcWouobPrZzuCbD0hp0=
2,13,DbG+9nnz5W9cay/ycmHbCp2EagQ=,LJLbXx+kOcWouobPrZzuCbD0hp0=
5,11,DbG+9nnz5W9cay/ycmHbCp2EagQ=,LJLbXx+kOcWouobPrZzuCbD0hp0=
4,9,DbG+9nnz5W9cay/ycmHbCp2EagQ=,LJLbXx+kOcWouobPrZzuCbD0hp0=
4,11,DbG+9nnz5W9cay/ycmHbCp2EagQ=,LJLbXx+kOcWouobPrZzuCbD0hp0=
1,13,DbG+9nnz5W9cay/ycmHbCp2EagQ=,LJLbXx+kOcWouobPrZzuCbD0hp0=
3,11,DbG+9nnz5W9cay/ycmHbCp2EagQ=,LJLbXx+kOcWouobPrZzuCbD0hp0=
2,11,DbG+9nnz5W9cay/ycmHbCp2EagQ=,LJLbXx+kOcWouobPrZzuCbD0hp0=
5,12,DbG+9nnz5W9cay/ycmHbCp2EagQ=,LJLbXx+kOcWouobPrZzuCbD0hp0=
4,12,DbG+9nnz5W9cay/ycmHbCp2EagQ=,LJLbXx+kOcWouobPrZzuCbD0hp0=
1,11,DbG+9nnz5W9cay/ycmHbCp2EagQ=,LJLbXx+kOcWouobPrZzuCbD0hp0=
6,12,DbG+9nnz5W9cay/ycmHbCp2EagQ=,LJLbXx+kOcWouobPrZzuCbD0hp0=
4,14,DbG+9nnz5W9cay/ycmHbCp2EagQ=,LJLbXx+kOcWouobPrZzuCbD0hp0=
2,14,DbG+9nnz5W9cay/ycmHbCp2EagQ=,LJLbXx+kOcWouobPrZzuCbD0hp0=
3,14,DbG+9nnz5W9cay/ycmHbCp2EagQ=,LJLbXx+kOcWouobPrZzuCbD0hp0=
1,9,DbG+9nnz5W9cay/ycmHbCp2EagQ=,LJLbXx+kOcWouobPrZzuCbD0hp0=
1,14,DbG+9nnz5W9cay/ycmHbCp2EagQ=,LJLbXx+kOcWouobPrZzuCbD0hp0=
5,14,DbG+9nnz5W9cay/ycmHbCp2EagQ=,LJLbXx+kOcWouobPrZzuCbD0hp0=
3,9,DbG+9nnz5W9cay/ycmHbCp2EagQ=,LJLbXx+kOcWouobPrZzuCbD0hp0=
4,10,DbG+9nnz5W9cay/ycmHbCp2EagQ=,LJLbXx+kOcWouobPrZzuCbD0hp0=
2,9,DbG+9nnz5W9cay/ycmHbCp2EagQ=,LJLbXx+kOcWouobPrZzuCbD0hp0=
3,12,DbG+9nnz5W9cay/ycmHbCp2EagQ=,LJLbXx+kOcWouobPrZzuCbD0hp0=
5,10,DbG+9nnz5W9cay/ycmHbCp2EagQ=,LJLbXx+kOcWouobPrZzuCbD0hp0=
6,10,DbG+9nnz5W9cay/ycmHbCp2EagQ=,LJLbXx+kOcWouobPrZzuCbD0hp0=
1,10,DbG+9nnz5W9cay/ycmHbCp2EagQ=,LJLbXx+kOcWouobPrZzuCbD0hp0=
2,12,DbG+9nnz5W9cay/ycmHbCp2EagQ=,LJLbXx+kOcWouobPrZzuCbD0hp0=
3,10,DbG+9nnz5W9cay/ycmHbCp2EagQ=,LJLbXx+kOcWouobPrZzuCbD0hp0=
2,10,DbG+9nnz5W9cay/ycmHbCp2EagQ=,LJLbXx+kOcWouobPrZzuCbD0hp0=
1,12,DbG+9nnz5W9cay/ycmHbCp2EagQ=,LJLbXx+kOcWouobPrZzuCbD0hp0=
6,13,DbG+9nnz5W9cay/ycmHbCp2EagQ=,LJLbXx+kOcWouobPrZzuCbD0hp0=
6,11,DbG+9nnz5W9cay/ycmHbCp2EagQ=,LJLbXx+kOcWouobPrZzuCbD0hp0=
1,3,DbG+9nnz5W9cay/ycmHbCp2EagQ=,VxwiAipdehMdpvFXLsyokGVykFk=
6,9,DbG+9nnz5W9cay/ycmHbCp2EagQ=,LJLbXx+kOcWouobPrZzuCbD0hp0=
4,1,DbG+9nnz5W9cay/ycmHbCp2EagQ=,VxwiAipdehMdpvFXLsyokGVykFk=
2,3,DbG+9nnz5W9cay/ycmHbCp2EagQ=,VxwiAipdehMdpvFXLsyokGVykFk=
6,6,DbG+9nnz5W9cay/ycmHbCp2EagQ=,VxwiAipdehMdpvFXLsyokGVykFk=
2,4,DbG+9nnz5W9cay/ycmHbCp2EagQ=,VxwiAipdehMdpvFXLsyokGVykFk=
5,1,DbG+9nnz5W9cay/ycmHbCp2EagQ=,VxwiAipdehMdpvFXLsyokGVykFk=
1,7,DbG+9nnz5W9cay/ycmHbCp2EagQ=,VxwiAipdehMdpvFXLsyokGVykFk=
2,7,DbG+9nnz5W9cay/ycmHbCp2EagQ=,VxwiAipdehMdpvFXLsyokGVykFk=
3,7,DbG+9nnz5W9cay/ycmHbCp2EagQ=,VxwiAipdehMdpvFXLsyokGVykFk=
2,5,DbG+9nnz5W9cay/ycmHbCp2EagQ=,VxwiAipdehMdpvFXLsyokGVykFk=
4,6,DbG+9nnz5W9cay/ycmHbCp2EagQ=,VxwiAipdehMdpvFXLsyokGVykFk=
6,1,DbG+9nnz5W9cay/ycmHbCp2EagQ=,VxwiAipdehMdpvFXLsyokGVykFk=
6,8,DbG+9nnz5W9cay/ycmHbCp2EagQ=,LJLbXx+kOcWouobPrZzuCbD0hp0=
10,14,DbG+9nnz5W9cay/ycmHbCp2EagQ=,r1pLMYWBaZQwPx+MhdtNcYd7t2w=
1,6,DbG+9nnz5W9cay/ycmHbCp2EagQ=,VxwiAipdehMdpvFXLsyokGVykFk=
14,11,DbG+9nnz5W9cay/ycmHbCp2EagQ=,r1pLMYWBaZQwPx+MhdtNcYd7t2w=
4,7,DbG+9nnz5W9cay/ycmHbCp2EagQ=,VxwiAipdehMdpvFXLsyokGVykFk=
1,5,DbG+9nnz5W9cay/ycmHbCp2EagQ=,VxwiAipdehMdpvFXLsyokGVykFk=
6,4,DbG+9nnz5W9cay/ycmHbCp2EagQ=,VxwiAipdehMdpvFXLsyokGVykFk=
5,4,DbG+9nnz5W9cay/ycmHbCp2EagQ=,VxwiAipdehMdpvFXLsyokGVykFk=
8,12,DbG+9nnz5W9cay/ycmHbCp2EagQ=,r1pLMYWBaZQwPx+MhdtNcYd7t2w=
5,7,DbG+9nnz5W9cay/ycmHbCp2EagQ=,VxwiAipdehMdpvFXLsyokGVykFk=
9,14,DbG+9nnz5W9cay/ycmHbCp2EagQ=,r1pLMYWBaZQwPx+MhdtNcYd7t2w=
9,12,DbG+9nnz5W9cay/ycmHbCp2EagQ=,r1pLMYWBaZQwPx+MhdtNcYd7t2w=
8,14,DbG+9nnz5W9cay/ycmHbCp2EagQ=,r1pLMYWBaZQwPx+MhdtNcYd7t2w=
6,7,DbG+9nnz5W9cay/ycmHbCp2EagQ=,VxwiAipdehMdpvFXLsyokGVykFk=
5,8,DbG+9nnz5W9cay/ycmHbCp2EagQ=,LJLbXx+kOcWouobPrZzuCbD0hp0=
3,5,DbG+9nnz5W9cay/ycmHbCp2EagQ=,VxwiAipdehMdpvFXLsyokGVykFk=
7,14,DbG+9nnz5W9cay/ycmHbCp2EagQ=,LJLbXx+kOcWouobPrZzuCbD0hp0=
3,6,DbG+9nnz5W9cay/ycmHbCp2EagQ=,VxwiAipdehMdpvFXLsyokGVykFk=
11,14,DbG+9nnz5W9cay/ycmHbCp2EagQ=,r1pLMYWBaZQwPx+MhdtNcYd7t2w=
5,6,DbG+9nnz5W9cay/ycmHbCp2EagQ=,VxwiAipdehMdpvFXLsyokGVykFk=
12,14,DbG+9nnz5W9cay/ycmHbCp2EagQ=,r1pLMYWBaZQwPx+MhdtNcYd7t2w=
4,8,DbG+9nnz5W9cay/ycmHbCp2EagQ=,LJLbXx+kOcWouobPrZzuCbD0hp0=
1,8,DbG+9nnz5W9cay/ycmHbCp2EagQ=,LJLbXx+kOcWouobPrZzuCbD0hp0=
10,12,DbG+9nnz5W9cay/ycmHbCp2EagQ=,r1pLMYWBaZQwPx+MhdtNcYd7t2w=
14,13,DbG+9nnz5W9cay/ycmHbCp2EagQ=,r1pLMYWBaZQwPx+MhdtNcYd7t2w=
8,9,DbG+9nnz5W9cay/ycmHbCp2EagQ=,r1pLMYWBaZQwPx+MhdtNcYd7t2w=
13,10,DbG+9nnz5W9cay/ycmHbCp2EagQ=,r1pLMYWBaZQwPx+MhdtNcYd7t2w=
1,2,DbG+9nnz5W9cay/ycmHbCp2EagQ=,VxwiAipdehMdpvFXLsyokGVykFk=
11,12,DbG+9nnz5W9cay/ycmHbCp2EagQ=,r1pLMYWBaZQwPx+MhdtNcYd7t2w=
7,12,DbG+9nnz5W9cay/ycmHbCp2EagQ=,LJLbXx+kOcWouobPrZzuCbD0hp0=
2,2,DbG+9nnz5W9cay/ycmHbCp2EagQ=,VxwiAipdehMdpvFXLsyokGVykFk=
7,11,DbG+9nnz5W9cay/ycmHbCp2EagQ=,LJLbXx+kOcWouobPrZzuCbD0hp0=
13,11,DbG+9nnz5W9cay/ycmHbCp2EagQ=,r1pLMYWBaZQwPx+MhdtNcYd7t2w=
4,5,DbG+9nnz5W9cay/ycmHbCp2EagQ=,VxwiAipdehMdpvFXLsyokGVykFk=
14,10,DbG+9nnz5W9cay/ycmHbCp2EagQ=,r1pLMYWBaZQwPx+MhdtNcYd7t2w=
12,11,DbG+9nnz5W9cay/ycmHbCp2EagQ=,r1pLMYWBaZQwPx+MhdtNcYd7t2w=
6,3,DbG+9nnz5W9cay/ycmHbCp2EagQ=,VxwiAipdehMdpvFXLsyokGVykFk=
11,11,DbG+9nnz5W9cay/ycmHbCp2EagQ=,r1pLMYWBaZQwPx+MhdtNcYd7t2w=
13,14,DbG+9nnz5W9cay/ycmHbCp2EagQ=,r1pLMYWBaZQwPx+MhdtNcYd7t2w=
1,4,DbG+9nnz5W9cay/ycmHbCp2EagQ=,VxwiAipdehMdpvFXLsyokGVykFk=
9,9,DbG+9nnz5W9cay/ycmHbCp2EagQ=,r1pLMYWBaZQwPx+MhdtNcYd7t2w=
2,1,DbG+9nnz5W9cay/ycmHbCp2EagQ=,VxwiAipdehMdpvFXLsyokGVykFk=
13,13,DbG+9nnz5W9cay/ycmHbCp2EagQ=,r1pLMYWBaZQwPx+MhdtNcYd7t2w=
3,8,DbG+9nnz5W9cay/ycmHbCp2EagQ=,LJLbXx+kOcWouobPrZzuCbD0hp0=
14,14,DbG+9nnz5W9cay/ycmHbCp2EagQ=,r1pLMYWBaZQwPx+MhdtNcYd7t2w=
6,5,DbG+9nnz5W9cay/ycmHbCp2EagQ=,VxwiAipdehMdpvFXLsyokGVykFk=
5,3,DbG+9nnz5W9cay/ycmHbCp2EagQ=,VxwiAipdehMdpvFXLsyokGVykFk=
12,10,DbG+9nnz5W9cay/ycmHbCp2EagQ=,r1pLMYWBaZQwPx+MhdtNcYd7t2w=
7,13,DbG+9nnz5W9cay/ycmHbCp2EagQ=,LJLbXx+kOcWouobPrZzuCbD0hp0=
10,9,DbG+9nnz5W9cay/ycmHbCp2EagQ=,r1pLMYWBaZQwPx+MhdtNcYd7t2w=
4,4,DbG+9nnz5W9cay/ycmHbCp2EagQ=,VxwiAipdehMdpvFXLsyokGVykFk=
7,9,DbG+9nnz5W9cay/ycmHbCp2EagQ=,LJLbXx+kOcWouobPrZzuCbD0hp0=
3,3,DbG+9nnz5W9cay/ycmHbCp2EagQ=,VxwiAipdehMdpvFXLsyokGVykFk=
12,12,DbG+9nnz5W9cay/ycmHbCp2EagQ=,r1pLMYWBaZQwPx+MhdtNcYd7t2w=
2,6,DbG+9nnz5W9cay/ycmHbCp2EagQ=,VxwiAipdehMdpvFXLsyokGVykFk=
3,2,DbG+9nnz5W9cay/ycmHbCp2EagQ=,VxwiAipdehMdpvFXLsyokGVykFk=
12,13,DbG+9nnz5W9cay/ycmHbCp2EagQ=,r1pLMYWBaZQwPx+MhdtNcYd7t2w=
11,9,DbG+9nnz5W9cay/ycmHbCp2EagQ=,r1pLMYWBaZQwPx+MhdtNcYd7t2w=
4,2,DbG+9nnz5W9cay/ycmHbCp2EagQ=,VxwiAipdehMdpvFXLsyokGVykFk=
12,9,DbG+9nnz5W9cay/ycmHbCp2EagQ=,r1pLMYWBaZQwPx+MhdtNcYd7t2w=
5,2,DbG+9nnz5W9cay/ycmHbCp2EagQ=,VxwiAipdehMdpvFXLsyokGVykFk=
11,13,DbG+9nnz5W9cay/ycmHbCp2EagQ=,r1pLMYWBaZQwPx+MhdtNcYd7t2w=
10,13,DbG+9nnz5W9cay/ycmHbCp2EagQ=,r1pLMYWBaZQwPx+MhdtNcYd7t2w=
3,4,DbG+9nnz5W9cay/ycmHbCp2EagQ=,VxwiAipdehMdpvFXLsyokGVykFk=
13,9,DbG+9nnz5W9cay/ycmHbCp2EagQ=,r1pLMYWBaZQwPx+MhdtNcYd7t2w=
9,13,DbG+9nnz5W9cay/ycmHbCp2EagQ=,r1pLMYWBaZQwPx+MhdtNcYd7t2w=
14,9,DbG+9nnz5W9cay/ycmHbCp2EagQ=,r1pLMYWBaZQwPx+MhdtNcYd7t2w=
8,13,DbG+9nnz5W9cay/ycmHbCp2EagQ=,r1pLMYWBaZQwPx+MhdtNcYd7t2w=
13,12,DbG+9nnz5W9cay/ycmHbCp2EagQ=,r1pLMYWBaZQwPx+MhdtNcYd7t2w=
6,2,DbG+9nnz5W9cay/ycmHbCp2EagQ=,VxwiAipdehMdpvFXLsyokGVykFk=
8,10,DbG+9nnz5W9cay/ycmHbCp2EagQ=,r1pLMYWBaZQwPx+MhdtNcYd7t2w=
3,1,DbG+9nnz5W9cay/ycmHbCp2EagQ=,VxwiAipdehMdpvFXLsyokGVykFk=
2,8,DbG+9nnz5W9cay/ycmHbCp2EagQ=,LJLbXx+kOcWouobPrZzuCbD0hp0=
9,10,DbG+9nnz5W9cay/ycmHbCp2EagQ=,r1pLMYWBaZQwPx+MhdtNcYd7t2w=
10,11,DbG+9nnz5W9cay/ycmHbCp2EagQ=,r1pLMYWBaZQwPx+MhdtNcYd7t2w=
8,11,DbG+9nnz5W9cay/ycmHbCp2EagQ=,r1pLMYWBaZQwPx+MhdtNcYd7t2w=
4,3,DbG+9nnz5W9cay/ycmHbCp2EagQ=,VxwiAipdehMdpvFXLsyokGVykFk=
1,1,DbG+9nnz5W9cay/ycmHbCp2EagQ=,VxwiAipdehMdpvFXLsyokGVykFk=
9,11,DbG+9nnz5W9cay/ycmHbCp2EagQ=,r1pLMYWBaZQwPx+MhdtNcYd7t2w=
7,10,DbG+9nnz5W9cay/ycmHbCp2EagQ=,LJLbXx+kOcWouobPrZzuCbD0hp0=
5,5,DbG+9nnz5W9cay/ycmHbCp2EagQ=,VxwiAipdehMdpvFXLsyokGVykFk=
11,10,DbG+9nnz5W9cay/ycmHbCp2EagQ=,r1pLMYWBaZQwPx+MhdtNcYd7t2w=
14,12,DbG+9nnz5W9cay/ycmHbCp2EagQ=,r1pLMYWBaZQwPx+MhdtNcYd7t2w=
10,10,DbG+9nnz5W9cay/ycmHbCp2EagQ=,r1pLMYWBaZQwPx+MhdtNcYd7t2w=
10,15,DbG+9nnz5W9cay/ycmHbCp2EagQ=,r1pLMYWBaZQwPx+MhdtNcYd7t2w=
9,15,DbG+9nnz5W9cay/ycmHbCp2EagQ=,r1pLMYWBaZQwPx+MhdtNcYd7t2w=
11,15,DbG+9nnz5W9cay/ycmHbCp2EagQ=,r1pLMYWBaZQwPx+MhdtNcYd7t2w=
14,15,DbG+9nnz5W9cay/ycmHbCp2EagQ=,r1pLMYWBaZQwPx+MhdtNcYd7t2w=
12,15,DbG+9nnz5W9cay/ycmHbCp2EagQ=,r1pLMYWBaZQwPx+MhdtNcYd7t2w=
13,15,DbG+9nnz5W9cay/ycmHbCp2EagQ=,r1pLMYWBaZQwPx+MhdtNcYd7t2w=
15,11,DbG+9nnz5W9cay/ycmHbCp2EagQ=,r1pLMYWBaZQwPx+MhdtNcYd7t2w=
15,10,DbG+9nnz5W9cay/ycmHbCp2EagQ=,r1pLMYWBaZQwPx+MhdtNcYd7t2w=
15,9,DbG+9nnz5W9cay/ycmHbCp2EagQ=,r1pLMYWBaZQwPx+MhdtNcYd7t2w=
15,12,DbG+9nnz5W9cay/ycmHbCp2EagQ=,r1pLMYWBaZQwPx+MhdtNcYd7t2w=
15,13,DbG+9nnz5W9cay/ycmHbCp2EagQ=,r1pLMYWBaZQwPx+MhdtNcYd7t2w=
7,15,DbG+9nnz5W9cay/ycmHbCp2EagQ=,LJLbXx+kOcWouobPrZzuCbD0hp0=
6,15,DbG+9nnz5W9cay/ycmHbCp2EagQ=,LJLbXx+kOcWouobPrZzuCbD0hp0=
1,15,DbG+9nnz5W9cay/ycmHbCp2EagQ=,LJLbXx+kOcWouobPrZzuCbD0hp0=
15,14,DbG+9nnz5W9cay/ycmHbCp2EagQ=,r1pLMYWBaZQwPx+MhdtNcYd7t2w=
8,15,DbG+9nnz5W9cay/ycmHbCp2EagQ=,r1pLMYWBaZQwPx+MhdtNcYd7t2w=
4,15,DbG+9nnz5W9cay/ycmHbCp2EagQ=,LJLbXx+kOcWouobPrZzuCbD0hp0=
5,15,DbG+9nnz5W9cay/ycmHbCp2EagQ=,LJLbXx+kOcWouobPrZzuCbD0hp0=
3,15,DbG+9nnz5W9cay/ycmHbCp2EagQ=,LJLbXx+kOcWouobPrZzuCbD0hp0=
2,15,DbG+9nnz5W9cay/ycmHbCp2EagQ=,LJLbXx+kOcWouobPrZzuCbD0hp0=
6,0,DbG+9nnz5W9cay/ycmHbCp2EagQ=,VxwiAipdehMdpvFXLsyokGVykFk=
1,0,DbG+9nnz5W9cay/ycmHbCp2EagQ=,VxwiAipdehMdpvFXLsyokGVykFk=
5,0,DbG+9nnz5W9cay/ycmHbCp2EagQ=,VxwiAipdehMdpvFXLsyokGVykFk=
2,0,DbG+9nnz5W9cay/ycmHbCp2EagQ=,VxwiAipdehMdpvFXLsyokGVykFk=
4,0,DbG+9nnz5W9cay/ycmHbCp2EagQ=,VxwiAipdehMdpvFXLsyokGVykFk=
3,0,DbG+9nnz5W9cay/ycmHbCp2EagQ=,VxwiAipdehMdpvFXLsyokGVykFk=
0,12,DbG+9nnz5W9cay/ycmHbCp2EagQ=,LJLbXx+kOcWouobPrZzuCbD0hp0=
0,13,DbG+9nnz5W9cay/ycmHbCp2EagQ=,LJLbXx+kOcWouobPrZzuCbD0hp0=
0,11,DbG+9nnz5W9cay/ycmHbCp2EagQ=,LJLbXx+kOcWouobPrZzuCbD0hp0=
0,15,DbG+9nnz5W9cay/ycmHbCp2EagQ=,LJLbXx+kOcWouobPrZzuCbD0hp0=
0,14,DbG+9nnz5W9cay/ycmHbCp2EagQ=,LJLbXx+kOcWouobPrZzuCbD0hp0=
0,9,DbG+9nnz5W9cay/ycmHbCp2EagQ=,LJLbXx+kOcWouobPrZzuCbD0hp0=
0,10,DbG+9nnz5W9cay/ycmHbCp2EagQ=,LJLbXx+kOcWouobPrZzuCbD0hp0=
0,6,DbG+9nnz5W9cay/ycmHbCp2EagQ=,VxwiAipdehMdpvFXLsyokGVykFk=
0,5,DbG+9nnz5W9cay/ycmHbCp2EagQ=,VxwiAipdehMdpvFXLsyokGVykFk=
15,15,DbG+9nnz5W9cay/ycmHbCp2EagQ=,r1pLMYWBaZQwPx+MhdtNcYd7t2w=
0,4,DbG+9nnz5W9cay/ycmHbCp2EagQ=,VxwiAipdehMdpvFXLsyokGVykFk=
0,2,DbG+9nnz5W9cay/ycmHbCp2EagQ=,VxwiAipdehMdpvFXLsyokGVykFk=
0,1,DbG+9nnz5W9cay/ycmHbCp2EagQ=,VxwiAipdehMdpvFXLsyokGVykFk=
0,7,DbG+9nnz5W9cay/ycmHbCp2EagQ=,VxwiAipdehMdpvFXLsyokGVykFk=
0,8,DbG+9nnz5W9cay/ycmHbCp2EagQ=,LJLbXx+kOcWouobPrZzuCbD0hp0=
0,0,DbG+9nnz5W9cay/ycmHbCp2EagQ=,VxwiAipdehMdpvFXLsyokGVykFk=
0,3,DbG+9nnz5W9cay/ycmHbCp2EagQ=,VxwiAipdehMdpvFXLsyokGVykFk=
14,8,DbG+9nnz5W9cay/ycmHbCp2EagQ=,r1pLMYWBaZQwPx+MhdtNcYd7t2w=
10,7,DbG+9nnz5W9cay/ycmHbCp2EagQ=,zWMUeEJqpFU6RHR0M0DY5DkFmCs=
11,7,DbG+9nnz5W9cay/ycmHbCp2EagQ=,zWMUeEJqpFU6RHR0M0DY5DkFmCs=
15,5,DbG+9nnz5W9cay/ycmHbCp2EagQ=,zWMUeEJqpFU6RHR0M0DY5DkFmCs=
11,6,DbG+9nnz5W9cay/ycmHbCp2EagQ=,zWMUeEJqpFU6RHR0M0DY5DkFmCs=
13,1,DbG+9nnz5W9cay/ycmHbCp2EagQ=,zWMUeEJqpFU6RHR0M0DY5DkFmCs=
13,3,DbG+9nnz5W9cay/ycmHbCp2EagQ=,zWMUeEJqpFU6RHR0M0DY5DkFmCs=
15,8,DbG+9nnz5W9cay/ycmHbCp2EagQ=,r1pLMYWBaZQwPx+MhdtNcYd7t2w=
13,2,DbG+9nnz5W9cay/ycmHbCp2EagQ=,zWMUeEJqpFU6RHR0M0DY5DkFmCs=
9,5,DbG+9nnz5W9cay/ycmHbCp2EagQ=,zWMUeEJqpFU6RHR0M0DY5DkFmCs=
10,6,DbG+9nnz5W9cay/ycmHbCp2EagQ=,zWMUeEJqpFU6RHR0M0DY5DkFmCs=
13,8,DbG+9nnz5W9cay/ycmHbCp2EagQ=,r1pLMYWBaZQwPx+MhdtNcYd7t2w=
11,1,DbG+9nnz5W9cay/ycmHbCp2EagQ=,zWMUeEJqpFU6RHR0M0DY5DkFmCs=
14,1,DbG+9nnz5W9cay/ycmHbCp2EagQ=,zWMUeEJqpFU6RHR0M0DY5DkFmCs=
9,7,DbG+9nnz5W9cay/ycmHbCp2EagQ=,zWMUeEJqpFU6RHR0M0DY5DkFmCs=
7,2,DbG+9nnz5W9cay/ycmHbCp2EagQ=,VxwiAipdehMdpvFXLsyokGVykFk=
12,8,DbG+9nnz5W9cay/ycmHbCp2EagQ=,r1pLMYWBaZQwPx+MhdtNcYd7t2w=
15,6,DbG+9nnz5W9cay/ycmHbCp2EagQ=,zWMUeEJqpFU6RHR0M0DY5DkFmCs=
8,7,DbG+9nnz5W9cay/ycmHbCp2EagQ=,zWMUeEJqpFU6RHR0M0DY5DkFmCs=
15,1,DbG+9nnz5W9cay/ycmHbCp2EagQ=,zWMUeEJqpFU6RHR0M0DY5DkFmCs=
12,1,DbG+9nnz5W9cay/ycmHbCp2EagQ=,zWMUeEJqpFU6RHR0M0DY5DkFmCs=
8,5,DbG+9nnz5W9cay/ycmHbCp2EagQ=,zWMUeEJqpFU6RHR0M0DY5DkFmCs=
14,6,DbG+9nnz5W9cay/ycmHbCp2EagQ=,zWMUeEJqpFU6RHR0M0DY5DkFmCs=
15,4,DbG+9nnz5W9cay/ycmHbCp2EagQ=,zWMUeEJqpFU6RHR0M0DY5DkFmCs=
8,2,DbG+9nnz5W9cay/ycmHbCp2EagQ=,zWMUeEJqpFU6RHR0M0DY5DkFmCs=
13,4,DbG+9nnz5W9cay/ycmHbCp2EagQ=,zWMUeEJqpFU6RHR0M0DY5DkFmCs=
15,7,DbG+9nnz5W9cay/ycmHbCp2EagQ=,zWMUeEJqpFU6RHR0M0DY5DkFmCs=
14,4,DbG+9nnz5W9cay/ycmHbCp2EagQ=,zWMUeEJqpFU6RHR0M0DY5DkFmCs=
8,6,DbG+9nnz5W9cay/ycmHbCp2EagQ=,zWMUeEJqpFU6RHR0M0DY5DkFmCs=
14,7,DbG+9nnz5W9cay/ycmHbCp2EagQ=,zWMUeEJqpFU6RHR0M0DY5DkFmCs=
7,6,DbG+9nnz5W9cay/ycmHbCp2EagQ=,VxwiAipdehMdpvFXLsyokGVykFk=
12,4,DbG+9nnz5W9cay/ycmHbCp2EagQ=,zWMUeEJqpFU6RHR0M0DY5DkFmCs=
11,8,DbG+9nnz5W9cay/ycmHbCp2EagQ=,r1pLMYWBaZQwPx+MhdtNcYd7t2w=
10,8,DbG+9nnz5W9cay/ycmHbCp2EagQ=,r1pLMYWBaZQwPx+MhdtNcYd7t2w=
10,1,DbG+9nnz5W9cay/ycmHbCp2EagQ=,zWMUeEJqpFU6RHR0M0DY5DkFmCs=
9,6,DbG+9nnz5W9cay/ycmHbCp2EagQ=,zWMUeEJqpFU6RHR0M0DY5DkFmCs=
9,8,DbG+9nnz5W9cay/ycmHbCp2EagQ=,r1pLMYWBaZQwPx+MhdtNcYd7t2w=
12,3,DbG+9nnz5W9cay/ycmHbCp2EagQ=,zWMUeEJqpFU6RHR0M0DY5DkFmCs=
10,5,DbG+9nnz5W9cay/ycmHbCp2EagQ=,zWMUeEJqpFU6RHR0M0DY5DkFmCs=
8,8,DbG+9nnz5W9cay/ycmHbCp2EagQ=,r1pLMYWBaZQwPx+MhdtNcYd7t2w=
9,1,DbG+9nnz5W9cay/ycmHbCp2EagQ=,zWMUeEJqpFU6RHR0M0DY5DkFmCs=
13,5,DbG+9nnz5W9cay/ycmHbCp2EagQ=,zWMUeEJqpFU6RHR0M0DY5DkFmCs=
11,4,DbG+9nnz5W9cay/ycmHbCp2EagQ=,zWMUeEJqpFU6RHR0M0DY5DkFmCs=
14,5,DbG+9nnz5W9cay/ycmHbCp2EagQ=,zWMUeEJqpFU6RHR0M0DY5DkFmCs=
12,5,DbG+9nnz5W9cay/ycmHbCp2EagQ=,zWMUeEJqpFU6RHR0M0DY5DkFmCs=
7,5,DbG+9nnz5W9cay/ycmHbCp2EagQ=,VxwiAipdehMdpvFXLsyokGVykFk=
9,2,DbG+9nnz5W9cay/ycmHbCp2EagQ=,zWMUeEJqpFU6RHR0M0DY5DkFmCs=
12,2,DbG+9nnz5W9cay/ycmHbCp2EagQ=,zWMUeEJqpFU6RHR0M0DY5DkFmCs=
7,3,DbG+9nnz5W9cay/ycmHbCp2EagQ=,VxwiAipdehMdpvFXLsyokGVykFk=
15,0,DbG+9nnz5W9cay/ycmHbCp2EagQ=,zWMUeEJqpFU6RHR0M0DY5DkFmCs=
14,0,DbG+9nnz5W9cay/ycmHbCp2EagQ=,zWMUeEJqpFU6RHR0M0DY5DkFmCs=
8,1,DbG+9nnz5W9cay/ycmHbCp2EagQ=,zWMUeEJqpFU6RHR0M0DY5DkFmCs=
10,4,DbG+9nnz5W9cay/ycmHbCp2EagQ=,zWMUeEJqpFU6RHR0M0DY5DkFmCs=
14,2,DbG+9nnz5W9cay/ycmHbCp2EagQ=,zWMUeEJqpFU6RHR0M0DY5DkFmCs=
13,0,DbG+9nnz5W9cay/ycmHbCp2EagQ=,zWMUeEJqpFU6RHR0M0DY5DkFmCs=
11,2,DbG+9nnz5W9cay/ycmHbCp2EagQ=,zWMUeEJqpFU6RHR0M0DY5DkFmCs=
13,6,DbG+9nnz5W9cay/ycmHbCp2EagQ=,zWMUeEJqpFU6RHR0M0DY5DkFmCs=
7,4,DbG+9nnz5W9cay/ycmHbCp2EagQ=,VxwiAipdehMdpvFXLsyokGVykFk=
11,3,DbG+9nnz5W9cay/ycmHbCp2EagQ=,zWMUeEJqpFU6RHR0M0DY5DkFmCs=
12,0,DbG+9nnz5W9cay/ycmHbCp2EagQ=,zWMUeEJqpFU6RHR0M0DY5DkFmCs=
12,7,DbG+9nnz5W9cay/ycmHbCp2EagQ=,zWMUeEJqpFU6RHR0M0DY5DkFmCs=
10,3,DbG+9nnz5W9cay/ycmHbCp2EagQ=,zWMUeEJqpFU6RHR0M0DY5DkFmCs=
9,4,DbG+9nnz5W9cay/ycmHbCp2EagQ=,zWMUeEJqpFU6RHR0M0DY5DkFmCs=
11,0,DbG+9nnz5W9cay/ycmHbCp2EagQ=,zWMUeEJqpFU6RHR0M0DY5DkFmCs=
8,4,DbG+9nnz5W9cay/ycmHbCp2EagQ=,zWMUeEJqpFU6RHR0M0DY5DkFmCs=
12,6,DbG+9nnz5W9cay/ycmHbCp2EagQ=,zWMUeEJqpFU6RHR0M0DY5DkFmCs=
10,0,DbG+9nnz5W9cay/ycmHbCp2EagQ=,zWMUeEJqpFU6RHR0M0DY5DkFmCs=
13,7,DbG+9nnz5W9cay/ycmHbCp2EagQ=,zWMUeEJqpFU6RHR0M0DY5DkFmCs=
15,2,DbG+9nnz5W9cay/ycmHbCp2EagQ=,zWMUeEJqpFU6RHR0M0DY5DkFmCs=
7,7,DbG+9nnz5W9cay/ycmHbCp2EagQ=,VxwiAipdehMdpvFXLsyokGVykFk=
9,3,DbG+9nnz5W9cay/ycmHbCp2EagQ=,zWMUeEJqpFU6RHR0M0DY5DkFmCs=
10,2,DbG+9nnz5W9cay/ycmHbCp2EagQ=,zWMUeEJqpFU6RHR0M0DY5DkFmCs=
11,5,DbG+9nnz5W9cay/ycmHbCp2EagQ=,zWMUeEJqpFU6RHR0M0DY5DkFmCs=
7,8,DbG+9nnz5W9cay/ycmHbCp2EagQ=,LJLbXx+kOcWouobPrZzuCbD0hp0=
7,0,DbG+9nnz5W9cay/ycmHbCp2EagQ=,VxwiAipdehMdpvFXLsyokGVykFk=
8,3,DbG+9nnz5W9cay/ycmHbCp2EagQ=,zWMUeEJqpFU6RHR0M0DY5DkFmCs=
14,3,DbG+9nnz5W9cay/ycmHbCp2EagQ=,zWMUeEJqpFU6RHR0M0DY5DkFmCs=
15,3,DbG+9nnz5W9cay/ycmHbCp2EagQ=,zWMUeEJqpFU6RHR0M0DY5DkFmCs=
8,0,DbG+9nnz5W9cay/ycmHbCp2EagQ=,zWMUeEJqpFU6RHR0M0DY5DkFmCs=
7,1,DbG+9nnz5W9cay/ycmHbCp2EagQ=,VxwiAipdehMdpvFXLsyokGVykFk=
9,0,DbG+9nnz5W9cay/ycmHbCp2EagQ=,zWMUeEJqpFU6RHR0M0DY5DkFmCs=
12,29,s960Dnqwhm4ZyHrY63mF7zexxfo=,V96fZnd1ItV7P8crwet4s/mwRGc=
11,29,s960Dnqwhm4ZyHrY63mF7zexxfo=,V96fZnd1ItV7P8crwet4s/mwRGc=
9,29,s960Dnqwhm4ZyHrY63mF7zexxfo=,V96fZnd1ItV7P8crwet4s/mwRGc=
13,28,s960Dnqwhm4ZyHrY63mF7zexxfo=,V96fZnd1ItV7P8crwet4s/mwRGc=
10,29,s960Dnqwhm4ZyHrY63mF7zexxfo=,V96fZnd1ItV7P8crwet4s/mwRGc=
14,28,s960Dnqwhm4ZyHrY63mF7zexxfo=,V96fZnd1ItV7P8crwet4s/mwRGc=
12,28,s960Dnqwhm4ZyHrY63mF7zexxfo=,V96fZnd1ItV7P8crwet4s/mwRGc=
10,28,s960Dnqwhm4ZyHrY63mF7zexxfo=,V96fZnd1ItV7P8crwet4s/mwRGc=
9,28,s960Dnqwhm4ZyHrY63mF7zexxfo=,V96fZnd1ItV7P8crwet4s/mwRGc=
11,28,s960Dnqwhm4ZyHrY63mF7zexxfo=,V96fZnd1ItV7P8crwet4s/mwRGc=
14,27,s960Dnqwhm4ZyHrY63mF7zexxfo=,V96fZnd1ItV7P8crwet4s/mwRGc=
13,27,s960Dnqwhm4ZyHrY63mF7zexxfo=,V96fZnd1ItV7P8crwet4s/mwRGc=
10,27,s960Dnqwhm4ZyHrY63mF7zexxfo=,V96fZnd1ItV7P8crwet4s/mwRGc=
12,27,s960Dnqwhm4ZyHrY63mF7zexxfo=,V96fZnd1ItV7P8crwet4s/mwRGc=
9,27,s960Dnqwhm4ZyHrY63mF7zexxfo=,V96fZnd1ItV7P8crwet4s/mwRGc=
14,26,s960Dnqwhm4ZyHrY63mF7zexxfo=,V96fZnd1ItV7P8crwet4s/mwRGc=
13,26,s960Dnqwhm4ZyHrY63mF7zexxfo=,V96fZnd1ItV7P8crwet4s/mwRGc=
12,26,s960Dnqwhm4ZyHrY63mF7zexxfo=,V96fZnd1ItV7P8crwet4s/mwRGc=
11,27,s960Dnqwhm4ZyHrY63mF7zexxfo=,V96fZnd1ItV7P8crwet4s/mwRGc=
10,26,s960Dnqwhm4ZyHrY63mF7zexxfo=,V96fZnd1ItV7P8crwet4s/mwRGc=
9,26,s960Dnqwhm4ZyHrY63mF7zexxfo=,V96fZnd1ItV7P8crwet4s/mwRGc=
11,26,s960Dnqwhm4ZyHrY63mF7zexxfo=,V96fZnd1ItV7P8crwet4s/mwRGc=
14,25,s960Dnqwhm4ZyHrY63mF7zexxfo=,V96fZnd1ItV7P8crwet4s/mwRGc=
10,25,s960Dnqwhm4ZyHrY63mF7zexxfo=,V96fZnd1ItV7P8crwet4s/mwRGc=
11,25,s960Dnqwhm4ZyHrY63mF7zexxfo=,V96fZnd1ItV7P8crwet4s/mwRGc=
13,25,s960Dnqwhm4ZyHrY63mF7zexxfo=,V96fZnd1ItV7P8crwet4s/mwRGc=
12,25,s960Dnqwhm4ZyHrY63mF7zexxfo=,V96fZnd1ItV7P8crwet4s/mwRGc=
14,31,s960Dnqwhm4ZyHrY63mF7zexxfo=,V96fZnd1ItV7P8crwet4s/mwRGc=
9,25,s960Dnqwhm4ZyHrY63mF7zexxfo=,V96fZnd1ItV7P8crwet4s/mwRGc=
13,31,s960Dnqwhm4ZyHrY63mF7zexxfo=,V96fZnd1ItV7P8crwet4s/mwRGc=
12,31,s960Dnqwhm4ZyHrY63mF7zexxfo=,V96fZnd1ItV7P8crwet4s/mwRGc=
14,30,s960Dnqwhm4ZyHrY63mF7zexxfo=,V96fZnd1ItV7P8crwet4s/mwRGc=
10,31,s960Dnqwhm4ZyHrY63mF7zexxfo=,V96fZnd1ItV7P8crwet4s/mwRGc=
11,31,s960Dnqwhm4ZyHrY63mF7zexxfo=,V96fZnd1ItV7P8crwet4s/mwRGc=
13,30,s960Dnqwhm4ZyHrY63mF7zexxfo=,V96fZnd1ItV7P8crwet4s/mwRGc=
12,30,s960Dnqwhm4ZyHrY63mF7zexxfo=,V96fZnd1ItV7P8crwet4s/mwRGc=
11,30,s960Dnqwhm4ZyHrY63mF7zexxfo=,V96fZnd1ItV7P8crwet4s/mwRGc=
10,30,s960Dnqwhm4ZyHrY63mF7zexxfo=,V96fZnd1ItV7P8crwet4s/mwRGc=
9,30,s960Dnqwhm4ZyHrY63mF7zexxfo=,V96fZnd1ItV7P8crwet4s/mwRGc=
9,31,s960Dnqwhm4ZyHrY63mF7zexxfo=,V96fZnd1ItV7P8crwet4s/mwRGc=
14,29,s960Dnqwhm4ZyHrY63mF7zexxfo=,V96fZnd1ItV7P8crwet4s/mwRGc=
15,29,s960Dnqwhm4ZyHrY63mF7zexxfo=,V96fZnd1ItV7P8crwet4s/mwRGc=
13,29,s960Dnqwhm4ZyHrY63mF7zexxfo=,V96fZnd1ItV7P8crwet4s/mwRGc=
15,30,s960Dnqwhm4ZyHrY63mF7zexxfo=,V96fZnd1ItV7P8crwet4s/mwRGc=
15,31,s960Dnqwhm4ZyHrY63mF7zexxfo=,V96fZnd1ItV7P8crwet4s/mwRGc=
15,25,s960Dnqwhm4ZyHrY63mF7zexxfo=,V96fZnd1ItV7P8crwet4s/mwRGc=
15,26,s960Dnqwhm4ZyHrY63mF7zexxfo=,V96fZnd1ItV7P8crwet4s/mwRGc=
15,27,s960Dnqwhm4ZyHrY63mF7zexxfo=,V96fZnd1ItV7P8crwet4s/mwRGc=
15,28,s960Dnqwhm4ZyHrY63mF7zexxfo=,V96fZnd1ItV7P8crwet4s/mwRGc=
4,31,s960Dnqwhm4ZyHrY63mF7zexxfo=,HtCDuECpbjUoOXOdHRoKsGsMBDY=
5,31,s960Dnqwhm4ZyHrY63mF7zexxfo=,HtCDuECpbjUoOXOdHRoKsGsMBDY=
3,31,s960Dnqwhm4ZyHrY63mF7zexxfo=,HtCDuECpbjUoOXOdHRoKsGsMBDY=
6,31,s960Dnqwhm4ZyHrY63mF7zexxfo=,HtCDuECpbjUoOXOdHRoKsGsMBDY=
8,30,s960Dnqwhm4ZyHrY63mF7zexxfo=,V96fZnd1ItV7P8crwet4s/mwRGc=
8,29,s960Dnqwhm4ZyHrY63mF7zexxfo=,V96fZnd1ItV7P8crwet4s/mwRGc=
12,19,s960Dnqwhm4ZyHrY63mF7zexxfo=,Je7g7EN+UOgNorCm0ihLi3W6CSA=
1,31,s960Dnqwhm4ZyHrY63mF7zexxfo=,HtCDuECpbjUoOXOdHRoKsGsMBDY=
2,31,s960Dnqwhm4ZyHrY63mF7zexxfo=,HtCDuECpbjUoOXOdHRoKsGsMBDY=
7,31,s960Dnqwhm4ZyHrY63mF7zexxfo=,HtCDuECpbjUoOXOdHRoKsGsMBDY=
0,31,s960Dnqwhm4ZyHrY63mF7zexxfo=,HtCDuECpbjUoOXOdHRoKsGsMBDY=
9,24,s960Dnqwhm4ZyHrY63mF7zexxfo=,V96fZnd1ItV7P8crwet4s/mwRGc=
11,19,s960Dnqwhm4ZyHrY63mF7zexxfo=,Je7g7EN+UOgNorCm0ihLi3W6CSA=
7,30,s960Dnqwhm4ZyHrY63mF7zexxfo=,HtCDuECpbjUoOXOdHRoKsGsMBDY=
6,30,s960Dnqwhm4ZyHrY63mF7zexxfo=,HtCDuECpbjUoOXOdHRoKsGsMBDY=
10,19,s960Dnqwhm4ZyHrY63mF7zexxfo=,Je7g7EN+UOgNorCm0ihLi3W6CSA=
4,30,s960Dnqwhm4ZyHrY63mF7zexxfo=,HtCDuECpbjUoOXOdHRoKsGsMBDY=
0,25,s960Dnqwhm4ZyHrY63mF7zexxfo=,HtCDuECpbjUoOXOdHRoKsGsMBDY=
3,30,s960Dnqwhm4ZyHrY63mF7zexxfo=,HtCDuECpbjUoOXOdHRoKsGsMBDY=
15,23,s960Dnqwhm4ZyHrY63mF7zexxfo=,Je7g7EN+UOgNorCm0ihLi3W6CSA=
5,30,s960Dnqwhm4ZyHrY63mF7zexxfo=,HtCDuECpbjUoOXOdHRoKsGsMBDY=
13,19,s960Dnqwhm4ZyHrY63mF7zexxfo=,Je7g7EN+UOgNorCm0ihLi3W6CSA=
2,30,s960Dnqwhm4ZyHrY63mF7zexxfo=,HtCDuECpbjUoOXOdHRoKsGsMBDY=
1,25,s960Dnqwhm4ZyHrY63mF7zexxfo=,HtCDuECpbjUoOXOdHRoKsGsMBDY=
0,30,s960Dnqwhm4ZyHrY63mF7zexxfo=,HtCDuECpbjUoOXOdHRoKsGsMBDY=
1,30,s960Dnqwhm4ZyHrY63mF7zexxfo=,HtCDuECpbjUoOXOdHRoKsGsMBDY=
14,19,s960Dnqwhm4ZyHrY63mF7zexxfo=,Je7g7EN+UOgNorCm0ihLi3W6CSA=
9,19,s960Dnqwhm4ZyHrY63mF7zexxfo=,Je7g7EN+UOgNorCm0ihLi3W6CSA=
2,25,s960Dnqwhm4ZyHrY63mF7zexxfo=,HtCDuECpbjUoOXOdHRoKsGsMBDY=
8,28,s960Dnqwhm4ZyHrY63mF7zexxfo=,V96fZnd1ItV7P8crwet4s/mwRGc=
15,19,s960Dnqwhm4ZyHrY63mF7zexxfo=,Je7g7EN+UOgNorCm0ihLi3W6CSA=
7,29,s960Dnqwhm4ZyHrY63mF7zexxfo=,HtCDuECpbjUoOXOdHRoKsGsMBDY=
8,31,s960Dnqwhm4ZyHrY63mF7zexxfo=,V96fZnd1ItV7P8crwet4s/mwRGc=
6,29,s960Dnqwhm4ZyHrY63mF7zexxfo=,HtCDuECpbjUoOXOdHRoKsGsMBDY=
4,29,s960Dnqwhm4ZyHrY63mF7zexxfo=,HtCDuECpbjUoOXOdHRoKsGsMBDY=
5,29,s960Dnqwhm4ZyHrY63mF7zexxfo=,HtCDuECpbjUoOXOdHRoKsGsMBDY=
10,24,s960Dnqwhm4ZyHrY63mF7zexxfo=,V96fZnd1ItV7P8crwet4s/mwRGc=
3,29,s960Dnqwhm4ZyHrY63mF7zexxfo=,HtCDuECpbjUoOXOdHRoKsGsMBDY=
14,23,s960Dnqwhm4ZyHrY63mF7zexxfo=,Je7g7EN+UOgNorCm0ihLi3W6CSA=
3,25,s960Dnqwhm4ZyHrY63mF7zexxfo=,HtCDuECpbjUoOXOdHRoKsGsMBDY=
13,23,s960Dnqwhm4ZyHrY63mF7zexxfo=,Je7g7EN+UOgNorCm0ihLi3W6CSA=
11,24,s960Dnqwhm4ZyHrY63mF7zexxfo=,V96fZnd1ItV7P8crwet4s/mwRGc=
2,29,s960Dnqwhm4ZyHrY63mF7zexxfo=,HtCDuECpbjUoOXOdHRoKsGsMBDY=
4,25,s960Dnqwhm4ZyHrY63mF7zexxfo=,HtCDuECpbjUoOXOdHRoKsGsMBDY=
12,23,s960Dnqwhm4ZyHrY63mF7zexxfo=,Je7g7EN+UOgNorCm0ihLi3W6CSA=
8,27,s960Dnqwhm4ZyHrY63mF7zexxfo=,V96fZnd1ItV7P8crwet4s/mwRGc=
12,24,s960Dnqwhm4ZyHrY63mF7zexxfo=,V96fZnd1ItV7P8crwet4s/mwRGc=
1,29,s960Dnqwhm4ZyHrY63mF7zexxfo=,HtCDuECpbjUoOXOdHRoKsGsMBDY=
11,23,s960Dnqwhm4ZyHrY63mF7zexxfo=,Je7g7EN+UOgNorCm0ihLi3W6CSA=
5,25,s960Dnqwhm4ZyHrY63mF7zexxfo=,HtCDuECpbjUoOXOdHRoKsGsMBDY=
7,28,s960Dnqwhm4ZyHrY63mF7zexxfo=,HtCDuECpbjUoOXOdHRoKsGsMBDY=
13,24,s960Dnqwhm4ZyHrY63mF7zexxfo=,V96fZnd1ItV7P8crwet4s/mwRGc=
0,29,s960Dnqwhm4ZyHrY63mF7zexxfo=,HtCDuECpbjUoOXOdHRoKsGsMBDY=
8,25,s960Dnqwhm4ZyHrY63mF7zexxfo=,V96fZnd1ItV7P8crwet4s/mwRGc=
14,24,s960Dnqwhm4ZyHrY63mF7zexxfo=,V96fZnd1ItV7P8crwet4s/mwRGc=
6,25,s960Dnqwhm4ZyHrY63mF7zexxfo=,HtCDuECpbjUoOXOdHRoKsGsMBDY=
15,24,s960Dnqwhm4ZyHrY63mF7zexxfo=,V96fZnd1ItV7P8crwet4s/mwRGc=
6,28,s960Dnqwhm4ZyHrY63mF7zexxfo=,HtCDuECpbjUoOXOdHRoKsGsMBDY=
4,28,s960Dnqwhm4ZyHrY63mF7zexxfo=,HtCDuECpbjUoOXOdHRoKsGsMBDY=
5,28,s960Dnqwhm4ZyHrY63mF7zexxfo=,HtCDuECpbjUoOXOdHRoKsGsMBDY=
15,18,s960Dnqwhm4ZyHrY63mF7zexxfo=,Je7g7EN+UOgNorCm0ihLi3W6CSA=
7,25,s960Dnqwhm4ZyHrY63mF7zexxfo=,HtCDuECpbjUoOXOdHRoKsGsMBDY=
10,23,s960Dnqwhm4ZyHrY63mF7zexxfo=,Je7g7EN+UOgNorCm0ihLi3W6CSA=
9,20,s960Dnqwhm4ZyHrY63mF7zexxfo=,Je7g7EN+UOgNorCm0ihLi3W6CSA=
9,23,s960Dnqwhm4ZyHrY63mF7zexxfo=,Je7g7EN+UOgNorCm0ihLi3W6CSA=
3,28,s960Dnqwhm4ZyHrY63mF7zexxfo=,HtCDuECpbjUoOXOdHRoKsGsMBDY=
0,26,s960Dnqwhm4ZyHrY63mF7zexxfo=,HtCDuECpbjUoOXOdHRoKsGsMBDY=
10,20,s960Dnqwhm4ZyHrY63mF7zexxfo=,Je7g7EN+UOgNorCm0ihLi3W6CSA=
14,18,s960Dnqwhm4ZyHrY63mF7zexxfo=,Je7g7EN+UOgNorCm0ihLi3W6CSA=
1,26,s960Dnqwhm4ZyHrY63mF7zexxfo=,HtCDuECpbjUoOXOdHRoKsGsMBDY=
11,20,s960Dnqwhm4ZyHrY63mF7zexxfo=,Je7g7EN+UOgNorCm0ihLi3W6CSA=
2,26,s960Dnqwhm4ZyHrY63mF7zexxfo=,HtCDuECpbjUoOXOdHRoKsGsMBDY=
13,18,s960Dnqwhm4ZyHrY63mF7zexxfo=,Je7g7EN+UOgNorCm0ihLi3W6CSA=
3,26,s960Dnqwhm4ZyHrY63mF7zexxfo=,HtCDuECpbjUoOXOdHRoKsGsMBDY=
9,16,s960Dnqwhm4ZyHrY63mF7zexxfo=,Je7g7EN+UOgNorCm0ihLi3W6CSA=
2,28,s960Dnqwhm4ZyHrY63mF7zexxfo=,HtCDuECpbjUoOXOdHRoKsGsMBDY=
4,26,s960Dnqwhm4ZyHrY63mF7zexxfo=,HtCDuECpbjUoOXOdHRoKsGsMBDY=
12,20,s960Dnqwhm4ZyHrY63mF7zexxfo=,Je7g7EN+UOgNorCm0ihLi3W6CSA=
15,22,s960Dnqwhm4ZyHrY63mF7zexxfo=,Je7g7EN+UOgNorCm0ihLi3W6CSA=
14,22,s960Dnqwhm4ZyHrY63mF7zexxfo=,Je7g7EN+UOgNorCm0ihLi3W6CSA=
5,26,s960Dnqwhm4ZyHrY63mF7zexxfo=,HtCDuECpbjUoOXOdHRoKsGsMBDY=
1,28,s960Dnqwhm4ZyHrY63mF7zexxfo=,HtCDuECpbjUoOXOdHRoKsGsMBDY=
13,20,s960Dnqwhm4ZyHrY63mF7zexxfo=,Je7g7EN+UOgNorCm0ihLi3W6CSA=
13,22,s960Dnqwhm4ZyHrY63mF7zexxfo=,Je7g7EN+UOgNorCm0ihLi3W6CSA=
6,26,s960Dnqwhm4ZyHrY63mF7zexxfo=,HtCDuECpbjUoOXOdHRoKsGsMBDY=
12,18,s960Dnqwhm4ZyHrY63mF7zexxfo=,Je7g7EN+UOgNorCm0ihLi3W6CSA=
14,20,s960Dnqwhm4ZyHrY63mF7zexxfo=,Je7g7EN+UOgNorCm0ihLi3W6CSA=
11,18,s960Dnqwhm4ZyHrY63mF7zexxfo=,Je7g7EN+UOgNorCm0ihLi3W6CSA=
15,20,s960Dnqwhm4ZyHrY63mF7zexxfo=,Je7g7EN+UOgNorCm0ihLi3W6CSA=
0,28,s960Dnqwhm4ZyHrY63mF7zexxfo=,HtCDuECpbjUoOXOdHRoKsGsMBDY=
7,26,s960Dnqwhm4ZyHrY63mF7zexxfo=,HtCDuECpbjUoOXOdHRoKsGsMBDY=
7,27,s960Dnqwhm4ZyHrY63mF7zexxfo=,HtCDuECpbjUoOXOdHRoKsGsMBDY=
12,22,s960Dnqwhm4ZyHrY63mF7zexxfo=,Je7g7EN+UOgNorCm0ihLi3W6CSA=
11,22,s960Dnqwhm4ZyHrY63mF7zexxfo=,Je7g7EN+UOgNorCm0ihLi3W6CSA=
10,16,s960Dnqwhm4ZyHrY63mF7zexxfo=,Je7g7EN+UOgNorCm0ihLi3W6CSA=
0,27,s960Dnqwhm4ZyHrY63mF7zexxfo=,HtCDuECpbjUoOXOdHRoKsGsMBDY=
10,22,s960Dnqwhm4ZyHrY63mF7zexxfo=,Je7g7EN+UOgNorCm0ihLi3W6CSA=
11,16,s960Dnqwhm4ZyHrY63mF7zexxfo=,Je7g7EN+UOgNorCm0ihLi3W6CSA=
1,27,s960Dnqwhm4ZyHrY63mF7zexxfo=,HtCDuECpbjUoOXOdHRoKsGsMBDY=
6,27,s960Dnqwhm4ZyHrY63mF7zexxfo=,HtCDuECpbjUoOXOdHRoKsGsMBDY=
10,18,s960Dnqwhm4ZyHrY63mF7zexxfo=,Je7g7EN+UOgNorCm0ihLi3W6CSA=
4,27,s960Dnqwhm4ZyHrY63mF7zexxfo=,HtCDuECpbjUoOXOdHRoKsGsMBDY=
5,27,s960Dnqwhm4ZyHrY63mF7zexxfo=,HtCDuECpbjUoOXOdHRoKsGsMBDY=
12,16,s960Dnqwhm4ZyHrY63mF7zexxfo=,Je7g7EN+UOgNorCm0ihLi3W6CSA=
9,18,s960Dnqwhm4ZyHrY63mF7zexxfo=,Je7g7EN+UOgNorCm0ihLi3W6CSA=
15,17,s960Dnqwhm4ZyHrY63mF7zexxfo=,Je7g7EN+UOgNorCm0ihLi3W6CSA=
3,27,s960Dnqwhm4ZyHrY63mF7zexxfo=,HtCDuECpbjUoOXOdHRoKsGsMBDY=
8,26,s960Dnqwhm4ZyHrY63mF7zexxfo=,V96fZnd1ItV7P8crwet4s/mwRGc=
13,16,s960Dnqwhm4ZyHrY63mF7zexxfo=,Je7g7EN+UOgNorCm0ihLi3W6CSA=
14,17,s960Dnqwhm4ZyHrY63mF7zexxfo=,Je7g7EN+UOgNorCm0ihLi3W6CSA=
13,17,s960Dnqwhm4ZyHrY63mF7zexxfo=,Je7g7EN+UOgNorCm0ihLi3W6CSA=
2,27,s960Dnqwhm4ZyHrY63mF7zexxfo=,HtCDuECpbjUoOXOdHRoKsGsMBDY=
15,21,s960Dnqwhm4ZyHrY63mF7zexxfo=,Je7g7EN+UOgNorCm0ihLi3W6CSA=
9,21,s960Dnqwhm4ZyHrY63mF7zexxfo=,Je7g7EN+UOgNorCm0ihLi3W6CSA=
12,17,s960Dnqwhm4ZyHrY63mF7zexxfo=,Je7g7EN+UOgNorCm0ihLi3W6CSA=
11,17,s960Dnqwhm4ZyHrY63mF7zexxfo=,Je7g7EN+UOgNorCm0ihLi3W6CSA=
14,21,s960Dnqwhm4ZyHrY63mF7zexxfo=,Je7g7EN+UOgNorCm0ihLi3W6CSA=
10,21,s960Dnqwhm4ZyHrY63mF7zexxfo=,Je7g7EN+UOgNorCm0ihLi3W6CSA=
10,17,s960Dnqwhm4ZyHrY63mF7zexxfo=,Je7g7EN+UOgNorCm0ihLi3W6CSA=
9,17,s960Dnqwhm4ZyHrY63mF7zexxfo=,Je7g7EN+UOgNorCm0ihLi3W6CSA=
15,16,s960Dnqwhm4ZyHrY63mF7zexxfo=,Je7g7EN+UOgNorCm0ihLi3W6CSA=
14,16,s960Dnqwhm4ZyHrY63mF7zexxfo=,Je7g7EN+UOgNorCm0ihLi3W6CSA=
9,22,s960Dnqwhm4ZyHrY63mF7zexxfo=,Je7g7EN+UOgNorCm0ihLi3W6CSA=
13,21,s960Dnqwhm4ZyHrY63mF7zexxfo=,Je7g7EN+UOgNorCm0ihLi3W6CSA=
12,21,s960Dnqwhm4ZyHrY63mF7zexxfo=,Je7g7EN+UOgNorCm0ihLi3W6CSA=
11,21,s960Dnqwhm4ZyHrY63mF7zexxfo=,Je7g7EN+UOgNorCm0ihLi3W6CSA=
5,22,s960Dnqwhm4ZyHrY63mF7zexxfo=,GXeoZBzeAbfbTpdZW+fnIuaWNyo=
8,23,s960Dnqwhm4ZyHrY63mF7zexxfo=,Je7g7EN+UOgNorCm0ihLi3W6CSA=
8,19,s960Dnqwhm4ZyHrY63mF7zexxfo=,Je7g7EN+UOgNorCm0ihLi3W6CSA=
1,21,s960Dnqwhm4ZyHrY63mF7zexxfo=,GXeoZBzeAbfbTpdZW+fnIuaWNyo=
3,23,s960Dnqwhm4ZyHrY63mF7zexxfo=,GXeoZBzeAbfbTpdZW+fnIuaWNyo=
2,23,s960Dnqwhm4ZyHrY63mF7zexxfo=,GXeoZBzeAbfbTpdZW+fnIuaWNyo=
4,23,s960Dnqwhm4ZyHrY63mF7zexxfo=,GXeoZBzeAbfbTpdZW+fnIuaWNyo=
0,21,s960Dnqwhm4ZyHrY63mF7zexxfo=,GXeoZBzeAbfbTpdZW+fnIuaWNyo=
1,23,s960Dnqwhm4ZyHrY63mF7zexxfo=,GXeoZBzeAbfbTpdZW+fnIuaWNyo=
8,18,s960Dnqwhm4ZyHrY63mF7zexxfo=,Je7g7EN+UOgNorCm0ihLi3W6CSA=
1,18,s960Dnqwhm4ZyHrY63mF7zexxfo=,GXeoZBzeAbfbTpdZW+fnIuaWNyo=
8,22,s960Dnqwhm4ZyHrY63mF7zexxfo=,Je7g7EN+UOgNorCm0ihLi3W6CSA=
2,20,s960Dnqwhm4ZyHrY63mF7zexxfo=,GXeoZBzeAbfbTpdZW+fnIuaWNyo=
8,17,s960Dnqwhm4ZyHrY63mF7zexxfo=,Je7g7EN+UOgNorCm0ihLi3W6CSA=
3,17,s960Dnqwhm4ZyHrY63mF7zexxfo=,GXeoZBzeAbfbTpdZW+fnIuaWNyo=
1,20,s960Dnqwhm4ZyHrY63mF7zexxfo=,GXeoZBzeAbfbTpdZW+fnIuaWNyo=
0,20,s960Dnqwhm4ZyHrY63mF7zexxfo=,GXeoZBzeAbfbTpdZW+fnIuaWNyo=
7,19,s960Dnqwhm4ZyHrY63mF7zexxfo=,GXeoZBzeAbfbTpdZW+fnIuaWNyo=
6,19,s960Dnqwhm4ZyHrY63mF7zexxfo=,GXeoZBzeAbfbTpdZW+fnIuaWNyo=
0,18,s960Dnqwhm4ZyHrY63mF7zexxfo=,GXeoZBzeAbfbTpdZW+fnIuaWNyo=
2,17,s960Dnqwhm4ZyHrY63mF7zexxfo=,GXeoZBzeAbfbTpdZW+fnIuaWNyo=
5,19,s960Dnqwhm4ZyHrY63mF7zexxfo=,GXeoZBzeAbfbTpdZW+fnIuaWNyo=
7,21,s960Dnqwhm4ZyHrY63mF7zexxfo=,GXeoZBzeAbfbTpdZW+fnIuaWNyo=
3,16,s960Dnqwhm4ZyHrY63mF7zexxfo=,GXeoZBzeAbfbTpdZW+fnIuaWNyo=
1,17,s960Dnqwhm4ZyHrY63mF7zexxfo=,GXeoZBzeAbfbTpdZW+fnIuaWNyo=
5,23,s960Dnqwhm4ZyHrY63mF7zexxfo=,GXeoZBzeAbfbTpdZW+fnIuaWNyo=
1,19,s960Dnqwhm4ZyHrY63mF7zexxfo=,GXeoZBzeAbfbTpdZW+fnIuaWNyo=
7,20,s960Dnqwhm4ZyHrY63mF7zexxfo=,GXeoZBzeAbfbTpdZW+fnIuaWNyo=
8,21,s960Dnqwhm4ZyHrY63mF7zexxfo=,Je7g7EN+UOgNorCm0ihLi3W6CSA=
6,21,s960Dnqwhm4ZyHrY63mF7zexxfo=,GXeoZBzeAbfbTpdZW+fnIuaWNyo=
4,19,s960Dnqwhm4ZyHrY63mF7zexxfo=,GXeoZBzeAbfbTpdZW+fnIuaWNyo=
5,21,s960Dnqwhm4ZyHrY63mF7zexxfo=,GXeoZBzeAbfbTpdZW+fnIuaWNyo=
3,19,s960Dnqwhm4ZyHrY63mF7zexxfo=,GXeoZBzeAbfbTpdZW+fnIuaWNyo=
6,20,s960Dnqwhm4ZyHrY63mF7zexxfo=,GXeoZBzeAbfbTpdZW+fnIuaWNyo=
4,21,s960Dnqwhm4ZyHrY63mF7zexxfo=,GXeoZBzeAbfbTpdZW+fnIuaWNyo=
0,22,s960Dnqwhm4ZyHrY63mF7zexxfo=,GXeoZBzeAbfbTpdZW+fnIuaWNyo=
0,17,s960Dnqwhm4ZyHrY63mF7zexxfo=,GXeoZBzeAbfbTpdZW+fnIuaWNyo=
7,16,s960Dnqwhm4ZyHrY63mF7zexxfo=,GXeoZBzeAbfbTpdZW+fnIuaWNyo=
0,19,s960Dnqwhm4ZyHrY63mF7zexxfo=,GXeoZBzeAbfbTpdZW+fnIuaWNyo=
8,16,s960Dnqwhm4ZyHrY63mF7zexxfo=,Je7g7EN+UOgNorCm0ihLi3W6CSA=
7,17,s960Dnqwhm4ZyHrY63mF7zexxfo=,GXeoZBzeAbfbTpdZW+fnIuaWNyo=
6,23,s960Dnqwhm4ZyHrY63mF7zexxfo=,GXeoZBzeAbfbTpdZW+fnIuaWNyo=
3,21,s960Dnqwhm4ZyHrY63mF7zexxfo=,GXeoZBzeAbfbTpdZW+fnIuaWNyo=
6,17,s960Dnqwhm4ZyHrY63mF7zexxfo=,GXeoZBzeAbfbTpdZW+fnIuaWNyo=
4,20,s960Dnqwhm4ZyHrY63mF7zexxfo=,GXeoZBzeAbfbTpdZW+fnIuaWNyo=
0,23,s960Dnqwhm4ZyHrY63mF7zexxfo=,GXeoZBzeAbfbTpdZW+fnIuaWNyo=
5,20,s960Dnqwhm4ZyHrY63mF7zexxfo=,GXeoZBzeAbfbTpdZW+fnIuaWNyo=
2,19,s960Dnqwhm4ZyHrY63mF7zexxfo=,GXeoZBzeAbfbTpdZW+fnIuaWNyo=
7,18,s960Dnqwhm4ZyHrY63mF7zexxfo=,GXeoZBzeAbfbTpdZW+fnIuaWNyo=
1,16,s960Dnqwhm4ZyHrY63mF7zexxfo=,GXeoZBzeAbfbTpdZW+fnIuaWNyo=
6,16,s960Dnqwhm4ZyHrY63mF7zexxfo=,GXeoZBzeAbfbTpdZW+fnIuaWNyo=
5,18,s960Dnqwhm4ZyHrY63mF7zexxfo=,GXeoZBzeAbfbTpdZW+fnIuaWNyo=
5,17,s960Dnqwhm4ZyHrY63mF7zexxfo=,GXeoZBzeAbfbTpdZW+fnIuaWNyo=
4,18,s960Dnqwhm4ZyHrY63mF7zexxfo=,GXeoZBzeAbfbTpdZW+fnIuaWNyo=
7,23,s960Dnqwhm4ZyHrY63mF7zexxfo=,GXeoZBzeAbfbTpdZW+fnIuaWNyo=
3,18,s960Dnqwhm4ZyHrY63mF7zexxfo=,GXeoZBzeAbfbTpdZW+fnIuaWNyo=
6,18,s960Dnqwhm4ZyHrY63mF7zexxfo=,GXeoZBzeAbfbTpdZW+fnIuaWNyo=
2,21,s960Dnqwhm4ZyHrY63mF7zexxfo=,GXeoZBzeAbfbTpdZW+fnIuaWNyo=
8,20,s960Dnqwhm4ZyHrY63mF7zexxfo=,Je7g7EN+UOgNorCm0ihLi3W6CSA=
3,20,s960Dnqwhm4ZyHrY63mF7zexxfo=,GXeoZBzeAbfbTpdZW+fnIuaWNyo=
7,22,s960Dnqwhm4ZyHrY63mF7zexxfo=,GXeoZBzeAbfbTpdZW+fnIuaWNyo=
2,18,s960Dnqwhm4ZyHrY63mF7zexxfo=,GXeoZBzeAbfbTpdZW+fnIuaWNyo=
0,16,s960Dnqwhm4ZyHrY63mF7zexxfo=,GXeoZBzeAbfbTpdZW+fnIuaWNyo=
4,22,s960Dnqwhm4ZyHrY63mF7zexxfo=,GXeoZBzeAbfbTpdZW+fnIuaWNyo=
4,17,s960Dnqwhm4ZyHrY63mF7zexxfo=,GXeoZBzeAbfbTpdZW+fnIuaWNyo=
7,24,s960Dnqwhm4ZyHrY63mF7zexxfo=,HtCDuECpbjUoOXOdHRoKsGsMBDY=
6,22,s960Dnqwhm4ZyHrY63mF7zexxfo=,GXeoZBzeAbfbTpdZW+fnIuaWNyo=
6,24,s960Dnqwhm4ZyHrY63mF7zexxfo=,HtCDuECpbjUoOXOdHRoKsGsMBDY=
5,24,s960Dnqwhm4ZyHrY63mF7zexxfo=,HtCDuECpbjUoOXOdHRoKsGsMBDY=
4,24,s960Dnqwhm4ZyHrY63mF7zexxfo=,HtCDuECpbjUoOXOdHRoKsGsMBDY=
5,16,s960Dnqwhm4ZyHrY63mF7zexxfo=,GXeoZBzeAbfbTpdZW+fnIuaWNyo=
2,16,s960Dnqwhm4ZyHrY63mF7zexxfo=,GXeoZBzeAbfbTpdZW+fnIuaWNyo=
3,24,s960Dnqwhm4ZyHrY63mF7zexxfo=,HtCDuECpbjUoOXOdHRoKsGsMBDY=
8,24,s960Dnqwhm4ZyHrY63mF7zexxfo=,V96fZnd1ItV7P8crwet4s/mwRGc=
0,24,s960Dnqwhm4ZyHrY63mF7zexxfo=,HtCDuECpbjUoOXOdHRoKsGsMBDY=
3,22,s960Dnqwhm4ZyHrY63mF7zexxfo=,GXeoZBzeAbfbTpdZW+fnIuaWNyo=
2,24,s960Dnqwhm4ZyHrY63mF7zexxfo=,HtCDuECpbjUoOXOdHRoKsGsMBDY=
1,24,s960Dnqwhm4ZyHrY63mF7zexxfo=,HtCDuECpbjUoOXOdHRoKsGsMBDY=
2,22,s960Dnqwhm4ZyHrY63mF7zexxfo=,GXeoZBzeAbfbTpdZW+fnIuaWNyo=
1,22,s960Dnqwhm4ZyHrY63mF7zexxfo=,GXeoZBzeAbfbTpdZW+fnIuaWNyo=
4,16,s960Dnqwhm4ZyHrY63mF7zexxfo=,GXeoZBzeAbfbTpdZW+fnIuaWNyo=
22,26,ivMbnXEMCNJHlde0OCVgrTpmVHY=,nDV2tdMa1Hbxo1FZs8EcZjspPzM=
22,31,ivMbnXEMCNJHlde0OCVgrTpmVHY=,nDV2tdMa1Hbxo1FZs8EcZjspPzM=
21,26,ivMbnXEMCNJHlde0OCVgrTpmVHY=,nDV2tdMa1Hbxo1FZs8EcZjspPzM=
21,31,ivMbnXEMCNJHlde0OCVgrTpmVHY=,nDV2tdMa1Hbxo1FZs8EcZjspPzM=
20,26,ivMbnXEMCNJHlde0OCVgrTpmVHY=,nDV2tdMa1Hbxo1FZs8EcZjspPzM=
19,26,ivMbnXEMCNJHlde0OCVgrTpmVHY=,nDV2tdMa1Hbxo1FZs8EcZjspPzM=
19,31,ivMbnXEMCNJHlde0OCVgrTpmVHY=,nDV2tdMa1Hbxo1FZs8EcZjspPzM=
18,31,ivMbnXEMCNJHlde0OCVgrTpmVHY=,nDV2tdMa1Hbxo1FZs8EcZjspPzM=
17,31,ivMbnXEMCNJHlde0OCVgrTpmVHY=,nDV2tdMa1Hbxo1FZs8EcZjspPzM=
22,25,ivMbnXEMCNJHlde0OCVgrTpmVHY=,nDV2tdMa1Hbxo1FZs8EcZjspPzM=
20,31,ivMbnXEMCNJHlde0OCVgrTpmVHY=,nDV2tdMa1Hbxo1FZs8EcZjspPzM=
22,30,ivMbnXEMCNJHlde0OCVgrTpmVHY=,nDV2tdMa1Hbxo1FZs8EcZjspPzM=
18,26,ivMbnXEMCNJHlde0OCVgrTpmVHY=,nDV2tdMa1Hbxo1FZs8EcZjspPzM=
21,25,ivMbnXEMCNJHlde0OCVgrTpmVHY=,nDV2tdMa1Hbxo1FZs8EcZjspPzM=
20,30,ivMbnXEMCNJHlde0OCVgrTpmVHY=,nDV2tdMa1Hbxo1FZs8EcZjspPzM=
20,25,ivMbnXEMCNJHlde0OCVgrTpmVHY=,nDV2tdMa1Hbxo1FZs8EcZjspPzM=
19,25,ivMbnXEMCNJHlde0OCVgrTpmVHY=,nDV2tdMa1Hbxo1FZs8EcZjspPzM=
18,30,ivMbnXEMCNJHlde0OCVgrTpmVHY=,nDV2tdMa1Hbxo1FZs8EcZjspPzM=
18,25,ivMbnXEMCNJHlde0OCVgrTpmVHY=,nDV2tdMa1Hbxo1FZs8EcZjspPzM=
22,29,ivMbnXEMCNJHlde0OCVgrTpmVHY=,nDV2tdMa1Hbxo1FZs8EcZjspPzM=
17,25,ivMbnXEMCNJHlde0OCVgrTpmVHY=,nDV2tdMa1Hbxo1FZs8EcZjspPzM=
21,29,ivMbnXEMCNJHlde0OCVgrTpmVHY=,nDV2tdMa1Hbxo1FZs8EcZjspPzM=
20,29,ivMbnXEMCNJHlde0OCVgrTpmVHY=,nDV2tdMa1Hbxo1FZs8EcZjspPzM=
21,30,ivMbnXEMCNJHlde0OCVgrTpmVHY=,nDV2tdMa1Hbxo1FZs8EcZjspPzM=
17,30,ivMbnXEMCNJHlde0OCVgrTpmVHY=,nDV2tdMa1Hbxo1FZs8EcZjspPzM=
17,26,ivMbnXEMCNJHlde0OCVgrTpmVHY=,nDV2tdMa1Hbxo1FZs8EcZjspPzM=
19,30,ivMbnXEMCNJHlde0OCVgrTpmVHY=,nDV2tdMa1Hbxo1FZs8EcZjspPzM=
22,28,ivMbnXEMCNJHlde0OCVgrTpmVHY=,nDV2tdMa1Hbxo1FZs8EcZjspPzM=
21,28,ivMbnXEMCNJHlde0OCVgrTpmVHY=,nDV2tdMa1Hbxo1FZs8EcZjspPzM=
20,28,ivMbnXEMCNJHlde0OCVgrTpmVHY=,nDV2tdMa1Hbxo1FZs8EcZjspPzM=
17,29,ivMbnXEMCNJHlde0OCVgrTpmVHY=,nDV2tdMa1Hbxo1FZs8EcZjspPzM=
19,29,ivMbnXEMCNJHlde0OCVgrTpmVHY=,nDV2tdMa1Hbxo1FZs8EcZjspPzM=
19,28,ivMbnXEMCNJHlde0OCVgrTpmVHY=,nDV2tdMa1Hbxo1FZs8EcZjspPzM=
22,27,ivMbnXEMCNJHlde0OCVgrTpmVHY=,nDV2tdMa1Hbxo1FZs8EcZjspPzM=
21,27,ivMbnXEMCNJHlde0OCVgrTpmVHY=,nDV2tdMa1Hbxo1FZs8EcZjspPzM=
20,27,ivMbnXEMCNJHlde0OCVgrTpmVHY=,nDV2tdMa1Hbxo1FZs8EcZjspPzM=
18,29,ivMbnXEMCNJHlde0OCVgrTpmVHY=,nDV2tdMa1Hbxo1FZs8EcZjspPzM=
19,27,ivMbnXEMCNJHlde0OCVgrTpmVHY=,nDV2tdMa1Hbxo1FZs8EcZjspPzM=
17,28,ivMbnXEMCNJHlde0OCVgrTpmVHY=,nDV2tdMa1Hbxo1FZs8EcZjspPzM=
18,28,ivMbnXEMCNJHlde0OCVgrTpmVHY=,nDV2tdMa1Hbxo1FZs8EcZjspPzM=
17,27,ivMbnXEMCNJHlde0OCVgrTpmVHY=,nDV2tdMa1Hbxo1FZs8EcZjspPzM=
18,27,ivMbnXEMCNJHlde0OCVgrTpmVHY=,nDV2tdMa1Hbxo1FZs8EcZjspPzM=
22,19,ivMbnXEMCNJHlde0OCVgrTpmVHY=,qaLZWCxYJXwj3KUDXFZHHeWmgUc=
17,19,ivMbnXEMCNJHlde0OCVgrTpmVHY=,qaLZWCxYJXwj3KUDXFZHHeWmgUc=
18,19,ivMbnXEMCNJHlde0OCVgrTpmVHY=,qaLZWCxYJXwj3KUDXFZHHeWmgUc=
17,18,ivMbnXEMCNJHlde0OCVgrTpmVHY=,qaLZWCxYJXwj3KUDXFZHHeWmgUc=
18,18,ivMbnXEMCNJHlde0OCVgrTpmVHY=,qaLZWCxYJXwj3KUDXFZHHeWmgUc=
17,17,ivMbnXEMCNJHlde0OCVgrTpmVHY=,qaLZWCxYJXwj3KUDXFZHHeWmgUc=
19,18,ivMbnXEMCNJHlde0OCVgrTpmVHY=,qaLZWCxYJXwj3KUDXFZHHeWmgUc=
18,20,ivMbnXEMCNJHlde0OCVgrTpmVHY=,qaLZWCxYJXwj3KUDXFZHHeWmgUc=
17,20,ivMbnXEMCNJHlde0OCVgrTpmVHY=,qaLZWCxYJXwj3KUDXFZHHeWmgUc=
19,20,ivMbnXEMCNJHlde0OCVgrTpmVHY=,qaLZWCxYJXwj3KUDXFZHHeWmgUc=
20,20,ivMbnXEMCNJHlde0OCVgrTpmVHY=,qaLZWCxYJXwj3KUDXFZHHeWmgUc=
21,20,ivMbnXEMCNJHlde0OCVgrTpmVHY=,qaLZWCxYJXwj3KUDXFZHHeWmgUc=
18,17,ivMbnXEMCNJHlde0OCVgrTpmVHY=,qaLZWCxYJXwj3KUDXFZHHeWmgUc=
22,20,ivMbnXEMCNJHlde0OCVgrTpmVHY=,qaLZWCxYJXwj3KUDXFZHHeWmgUc=
17,21,ivMbnXEMCNJHlde0OCVgrTpmVHY=,qaLZWCxYJXwj3KUDXFZHHeWmgUc=
19,21,ivMbnXEMCNJHlde0OCVgrTpmVHY=,qaLZWCxYJXwj3KUDXFZHHeWmgUc=
18,21,ivMbnXEMCNJHlde0OCVgrTpmVHY=,qaLZWCxYJXwj3KUDXFZHHeWmgUc=
20,21,ivMbnXEMCNJHlde0OCVgrTpmVHY=,qaLZWCxYJXwj3KUDXFZHHeWmgUc=
22,21,ivMbnXEMCNJHlde0OCVgrTpmVHY=,qaLZWCxYJXwj3KUDXFZHHeWmgUc=
21,21,ivMbnXEMCNJHlde0OCVgrTpmVHY=,qaLZWCxYJXwj3KUDXFZHHeWmgUc=
19,17,ivMbnXEMCNJHlde0OCVgrTpmVHY=,qaLZWCxYJXwj3KUDXFZHHeWmgUc=
17,22,ivMbnXEMCNJHlde0OCVgrTpmVHY=,qaLZWCxYJXwj3KUDXFZHHeWmgUc=
18,22,ivMbnXEMCNJHlde0OCVgrTpmVHY=,qaLZWCxYJXwj3KUDXFZHHeWmgUc=
19,22,ivMbnXEMCNJHlde0OCVgrTpmVHY=,qaLZWCxYJXwj3KUDXFZHHeWmgUc=
20,22,ivMbnXEMCNJHlde0OCVgrTpmVHY=,qaLZWCxYJXwj3KUDXFZHHeWmgUc=
22,22,ivMbnXEMCNJHlde0OCVgrTpmVHY=,qaLZWCxYJXwj3KUDXFZHHeWmgUc=
21,22,ivMbnXEMCNJHlde0OCVgrTpmVHY=,qaLZWCxYJXwj3KUDXFZHHeWmgUc=
20,17,ivMbnXEMCNJHlde0OCVgrTpmVHY=,qaLZWCxYJXwj3KUDXFZHHeWmgUc=
17,23,ivMbnXEMCNJHlde0OCVgrTpmVHY=,qaLZWCxYJXwj3KUDXFZHHeWmgUc=
18,23,ivMbnXEMCNJHlde0OCVgrTpmVHY=,qaLZWCxYJXwj3KUDXFZHHeWmgUc=
19,23,ivMbnXEMCNJHlde0OCVgrTpmVHY=,qaLZWCxYJXwj3KUDXFZHHeWmgUc=
20,23,ivMbnXEMCNJHlde0OCVgrTpmVHY=,qaLZWCxYJXwj3KUDXFZHHeWmgUc=
21,23,ivMbnXEMCNJHlde0OCVgrTpmVHY=,qaLZWCxYJXwj3KUDXFZHHeWmgUc=
22,23,ivMbnXEMCNJHlde0OCVgrTpmVHY=,qaLZWCxYJXwj3KUDXFZHHeWmgUc=
21,17,ivMbnXEMCNJHlde0OCVgrTpmVHY=,qaLZWCxYJXwj3KUDXFZHHeWmgUc=
17,24,ivMbnXEMCNJHlde0OCVgrTpmVHY=,nDV2tdMa1Hbxo1FZs8EcZjspPzM=
18,24,ivMbnXEMCNJHlde0OCVgrTpmVHY=,nDV2tdMa1Hbxo1FZs8EcZjspPzM=
19,24,ivMbnXEMCNJHlde0OCVgrTpmVHY=,nDV2tdMa1Hbxo1FZs8EcZjspPzM=
20,24,ivMbnXEMCNJHlde0OCVgrTpmVHY=,nDV2tdMa1Hbxo1FZs8EcZjspPzM=
21,24,ivMbnXEMCNJHlde0OCVgrTpmVHY=,nDV2tdMa1Hbxo1FZs8EcZjspPzM=
22,17,ivMbnXEMCNJHlde0OCVgrTpmVHY=,qaLZWCxYJXwj3KUDXFZHHeWmgUc=
22,24,ivMbnXEMCNJHlde0OCVgrTpmVHY=,nDV2tdMa1Hbxo1FZs8EcZjspPzM=
20,18,ivMbnXEMCNJHlde0OCVgrTpmVHY=,qaLZWCxYJXwj3KUDXFZHHeWmgUc=
21,18,ivMbnXEMCNJHlde0OCVgrTpmVHY=,qaLZWCxYJXwj3KUDXFZHHeWmgUc=
19,19,ivMbnXEMCNJHlde0OCVgrTpmVHY=,qaLZWCxYJXwj3KUDXFZHHeWmgUc=
20,19,ivMbnXEMCNJHlde0OCVgrTpmVHY=,qaLZWCxYJXwj3KUDXFZHHeWmgUc=
22,18,ivMbnXEMCNJHlde0OCVgrTpmVHY=,qaLZWCxYJXwj3KUDXFZHHeWmgUc=
21,19,ivMbnXEMCNJHlde0OCVgrTpmVHY=,qaLZWCxYJXwj3KUDXFZHHeWmgUc=
18,16,ivMbnXEMCNJHlde0OCVgrTpmVHY=,qaLZWCxYJXwj3KUDXFZHHeWmgUc=
19,16,ivMbnXEMCNJHlde0OCVgrTpmVHY=,qaLZWCxYJXwj3KUDXFZHHeWmgUc=
20,16,ivMbnXEMCNJHlde0OCVgrTpmVHY=,qaLZWCxYJXwj3KUDXFZHHeWmgUc=
22,16,ivMbnXEMCNJHlde0OCVgrTpmVHY=,qaLZWCxYJXwj3KUDXFZHHeWmgUc=
17,16,ivMbnXEMCNJHlde0OCVgrTpmVHY=,qaLZWCxYJXwj3KUDXFZHHeWmgUc=
16,19,ivMbnXEMCNJHlde0OCVgrTpmVHY=,qaLZWCxYJXwj3KUDXFZHHeWmgUc=
21,16,ivMbnXEMCNJHlde0OCVgrTpmVHY=,qaLZWCxYJXwj3KUDXFZHHeWmgUc=
16,18,ivMbnXEMCNJHlde0OCVgrTpmVHY=,qaLZWCxYJXwj3KUDXFZHHeWmgUc=
16,20,ivMbnXEMCNJHlde0OCVgrTpmVHY=,qaLZWCxYJXwj3KUDXFZHHeWmgUc=
16,21,ivMbnXEMCNJHlde0OCVgrTpmVHY=,qaLZWCxYJXwj3KUDXFZHHeWmgUc=
16,22,ivMbnXEMCNJHlde0OCVgrTpmVHY=,qaLZWCxYJXwj3KUDXFZHHeWmgUc=
16,17,ivMbnXEMCNJHlde0OCVgrTpmVHY=,qaLZWCxYJXwj3KUDXFZHHeWmgUc=
16,27,ivMbnXEMCNJHlde0OCVgrTpmVHY=,nDV2tdMa1Hbxo1FZs8EcZjspPzM=
16,28,ivMbnXEMCNJHlde0OCVgrTpmVHY=,nDV2tdMa1Hbxo1FZs8EcZjspPzM=
16,29,ivMbnXEMCNJHlde0OCVgrTpmVHY=,nDV2tdMa1Hbxo1FZs8EcZjspPzM=
16,23,ivMbnXEMCNJHlde0OCVgrTpmVHY=,qaLZWCxYJXwj3KUDXFZHHeWmgUc=
16,24,ivMbnXEMCNJHlde0OCVgrTpmVHY=,nDV2tdMa1Hbxo1FZs8EcZjspPzM=
16,26,ivMbnXEMCNJHlde0OCVgrTpmVHY=,nDV2tdMa1Hbxo1FZs8EcZjspPzM=
16,30,ivMbnXEMCNJHlde0OCVgrTpmVHY=,nDV2tdMa1Hbxo1FZs8EcZjspPzM=
16,31,ivMbnXEMCNJHlde0OCVgrTpmVHY=,nDV2tdMa1Hbxo1FZs8EcZjspPzM=
16,16,ivMbnXEMCNJHlde0OCVgrTpmVHY=,qaLZWCxYJXwj3KUDXFZHHeWmgUc=
16,25,ivMbnXEMCNJHlde0OCVgrTpmVHY=,nDV2tdMa1Hbxo1FZs8EcZjspPzM=
28,29,ivMbnXEMCNJHlde0OCVgrTpmVHY=,o+gq46tcdPOQzqGEtxPXRSEeUl8=
23,26,ivMbnXEMCNJHlde0OCVgrTpmVHY=,nDV2tdMa1Hbxo1FZs8EcZjspPzM=
30,29,ivMbnXEMCNJHlde0OCVgrTpmVHY=,o+gq46tcdPOQzqGEtxPXRSEeUl8=
29,29,ivMbnXEMCNJHlde0OCVgrTpmVHY=,o+gq46tcdPOQzqGEtxPXRSEeUl8=
31,29,ivMbnXEMCNJHlde0OCVgrTpmVHY=,o+gq46tcdPOQzqGEtxPXRSEeUl8=
24,30,ivMbnXEMCNJHlde0OCVgrTpmVHY=,o+gq46tcdPOQzqGEtxPXRSEeUl8=
25,30,ivMbnXEMCNJHlde0OCVgrTpmVHY=,o+gq46tcdPOQzqGEtxPXRSEeUl8=
26,30,ivMbnXEMCNJHlde0OCVgrTpmVHY=,o+gq46tcdPOQzqGEtxPXRSEeUl8=
27,30,ivMbnXEMCNJHlde0OCVgrTpmVHY=,o+gq46tcdPOQzqGEtxPXRSEeUl8=
28,30,ivMbnXEMCNJHlde0OCVgrTpmVHY=,o+gq46tcdPOQzqGEtxPXRSEeUl8=
23,31,ivMbnXEMCNJHlde0OCVgrTpmVHY=,nDV2tdMa1Hbxo1FZs8EcZjspPzM=
29,30,ivMbnXEMCNJHlde0OCVgrTpmVHY=,o+gq46tcdPOQzqGEtxPXRSEeUl8=
23,27,ivMbnXEMCNJHlde0OCVgrTpmVHY=,nDV2tdMa1Hbxo1FZs8EcZjspPzM=
30,30,ivMbnXEMCNJHlde0OCVgrTpmVHY=,o+gq46tcdPOQzqGEtxPXRSEeUl8=
31,30,ivMbnXEMCNJHlde0OCVgrTpmVHY=,o+gq46tcdPOQzqGEtxPXRSEeUl8=
24,31,ivMbnXEMCNJHlde0OCVgrTpmVHY=,o+gq46tcdPOQzqGEtxPXRSEeUl8=
27,29,ivMbnXEMCNJHlde0OCVgrTpmVHY=,o+gq46tcdPOQzqGEtxPXRSEeUl8=
25,29,ivMbnXEMCNJHlde0OCVgrTpmVHY=,o+gq46tcdPOQzqGEtxPXRSEeUl8=
24,29,ivMbnXEMCNJHlde0OCVgrTpmVHY=,o+gq46tcdPOQzqGEtxPXRSEeUl8=
25,31,ivMbnXEMCNJHlde0OCVgrTpmVHY=,o+gq46tcdPOQzqGEtxPXRSEeUl8=
30,28,ivMbnXEMCNJHlde0OCVgrTpmVHY=,o+gq46tcdPOQzqGEtxPXRSEeUl8=
31,28,ivMbnXEMCNJHlde0OCVgrTpmVHY=,o+gq46tcdPOQzqGEtxPXRSEeUl8=
29,28,ivMbnXEMCNJHlde0OCVgrTpmVHY=,o+gq46tcdPOQzqGEtxPXRSEeUl8=
26,29,ivMbnXEMCNJHlde0OCVgrTpmVHY=,o+gq46tcdPOQzqGEtxPXRSEeUl8=
26,31,ivMbnXEMCNJHlde0OCVgrTpmVHY=,o+gq46tcdPOQzqGEtxPXRSEeUl8=
28,28,ivMbnXEMCNJHlde0OCVgrTpmVHY=,o+gq46tcdPOQzqGEtxPXRSEeUl8=
27,31,ivMbnXEMCNJHlde0OCVgrTpmVHY=,o+gq46tcdPOQzqGEtxPXRSEeUl8=
27,28,ivMbnXEMCNJHlde0OCVgrTpmVHY=,o+gq46tcdPOQzqGEtxPXRSEeUl8=
25,28,ivMbnXEMCNJHlde0OCVgrTpmVHY=,o+gq46tcdPOQzqGEtxPXRSEeUl8=
24,28,ivMbnXEMCNJHlde0OCVgrTpmVHY=,o+gq46tcdPOQzqGEtxPXRSEeUl8=
31,27,ivMbnXEMCNJHlde0OCVgrTpmVHY=,o+gq46tcdPOQzqGEtxPXRSEeUl8=
30,27,ivMbnXEMCNJHlde0OCVgrTpmVHY=,o+gq46tcdPOQzqGEtxPXRSEeUl8=
29,27,ivMbnXEMCNJHlde0OCVgrTpmVHY=,o+gq46tcdPOQzqGEtxPXRSEeUl8=
23,25,ivMbnXEMCNJHlde0OCVgrTpmVHY=,nDV2tdMa1Hbxo1FZs8EcZjspPzM=
23,30,ivMbnXEMCNJHlde0OCVgrTpmVHY=,nDV2tdMa1Hbxo1FZs8EcZjspPzM=
28,31,ivMbnXEMCNJHlde0OCVgrTpmVHY=,o+gq46tcdPOQzqGEtxPXRSEeUl8=
26,28,ivMbnXEMCNJHlde0OCVgrTpmVHY=,o+gq46tcdPOQzqGEtxPXRSEeUl8=
29,31,ivMbnXEMCNJHlde0OCVgrTpmVHY=,o+gq46tcdPOQzqGEtxPXRSEeUl8=
30,31,ivMbnXEMCNJHlde0OCVgrTpmVHY=,o+gq46tcdPOQzqGEtxPXRSEeUl8=
27,27,ivMbnXEMCNJHlde0OCVgrTpmVHY=,o+gq46tcdPOQzqGEtxPXRSEeUl8=
25,27,ivMbnXEMCNJHlde0OCVgrTpmVHY=,o+gq46tcdPOQzqGEtxPXRSEeUl8=
24,27,ivMbnXEMCNJHlde0OCVgrTpmVHY=,o+gq46tcdPOQzqGEtxPXRSEeUl8=
31,31,ivMbnXEMCNJHlde0OCVgrTpmVHY=,o+gq46tcdPOQzqGEtxPXRSEeUl8=
23,28,ivMbnXEMCNJHlde0OCVgrTpmVHY=,nDV2tdMa1Hbxo1FZs8EcZjspPzM=
24,25,ivMbnXEMCNJHlde0OCVgrTpmVHY=,o+gq46tcdPOQzqGEtxPXRSEeUl8=
25,25,ivMbnXEMCNJHlde0OCVgrTpmVHY=,o+gq46tcdPOQzqGEtxPXRSEeUl8=
30,26,ivMbnXEMCNJHlde0OCVgrTpmVHY=,o+gq46tcdPOQzqGEtxPXRSEeUl8=
31,26,ivMbnXEMCNJHlde0OCVgrTpmVHY=,o+gq46tcdPOQzqGEtxPXRSEeUl8=
29,26,ivMbnXEMCNJHlde0OCVgrTpmVHY=,o+gq46tcdPOQzqGEtxPXRSEeUl8=
28,26,ivMbnXEMCNJHlde0OCVgrTpmVHY=,o+gq46tcdPOQzqGEtxPXRSEeUl8=
26,27,ivMbnXEMCNJHlde0OCVgrTpmVHY=,o+gq46tcdPOQzqGEtxPXRSEeUl8=
26,25,ivMbnXEMCNJHlde0OCVgrTpmVHY=,o+gq46tcdPOQzqGEtxPXRSEeUl8=
25,26,ivMbnXEMCNJHlde0OCVgrTpmVHY=,o+gq46tcdPOQzqGEtxPXRSEeUl8=
24,26,ivMbnXEMCNJHlde0OCVgrTpmVHY=,o+gq46tcdPOQzqGEtxPXRSEeUl8=
26,26,ivMbnXEMCNJHlde0OCVgrTpmVHY=,o+gq46tcdPOQzqGEtxPXRSEeUl8=
27,26,ivMbnXEMCNJHlde0OCVgrTpmVHY=,o+gq46tcdPOQzqGEtxPXRSEeUl8=
30,25,ivMbnXEMCNJHlde0OCVgrTpmVHY=,o+gq46tcdPOQzqGEtxPXRSEeUl8=
29,25,ivMbnXEMCNJHlde0OCVgrTpmVHY=,o+gq46tcdPOQzqGEtxPXRSEeUl8=
28,25,ivMbnXEMCNJHlde0OCVgrTpmVHY=,o+gq46tcdPOQzqGEtxPXRSEeUl8=
23,29,ivMbnXEMCNJHlde0OCVgrTpmVHY=,nDV2tdMa1Hbxo1FZs8EcZjspPzM=
31,25,ivMbnXEMCNJHlde0OCVgrTpmVHY=,o+gq46tcdPOQzqGEtxPXRSEeUl8=
28,27,ivMbnXEMCNJHlde0OCVgrTpmVHY=,o+gq46tcdPOQzqGEtxPXRSEeUl8=
27,25,ivMbnXEMCNJHlde0OCVgrTpmVHY=,o+gq46tcdPOQzqGEtxPXRSEeUl8=
29,23,ivMbnXEMCNJHlde0OCVgrTpmVHY=,q0qHZAjcY+pCNFbdNUgyS362c/Q=
30,23,ivMbnXEMCNJHlde0OCVgrTpmVHY=,q0qHZAjcY+pCNFbdNUgyS362c/Q=
28,19,ivMbnXEMCNJHlde0OCVgrTpmVHY=,q0qHZAjcY+pCNFbdNUgyS362c/Q=
31,23,ivMbnXEMCNJHlde0OCVgrTpmVHY=,q0qHZAjcY+pCNFbdNUgyS362c/Q=
27,19,ivMbnXEMCNJHlde0OCVgrTpmVHY=,q0qHZAjcY+pCNFbdNUgyS362c/Q=
23,18,ivMbnXEMCNJHlde0OCVgrTpmVHY=,qaLZWCxYJXwj3KUDXFZHHeWmgUc=
23,16,ivMbnXEMCNJHlde0OCVgrTpmVHY=,qaLZWCxYJXwj3KUDXFZHHeWmgUc=
30,19,ivMbnXEMCNJHlde0OCVgrTpmVHY=,q0qHZAjcY+pCNFbdNUgyS362c/Q=
29,19,ivMbnXEMCNJHlde0OCVgrTpmVHY=,q0qHZAjcY+pCNFbdNUgyS362c/Q=
25,19,ivMbnXEMCNJHlde0OCVgrTpmVHY=,q0qHZAjcY+pCNFbdNUgyS362c/Q=
26,19,ivMbnXEMCNJHlde0OCVgrTpmVHY=,q0qHZAjcY+pCNFbdNUgyS362c/Q=
23,19,ivMbnXEMCNJHlde0OCVgrTpmVHY=,qaLZWCxYJXwj3KUDXFZHHeWmgUc=
24,24,ivMbnXEMCNJHlde0OCVgrTpmVHY=,o+gq46tcdPOQzqGEtxPXRSEeUl8=
25,24,ivMbnXEMCNJHlde0OCVgrTpmVHY=,o+gq46tcdPOQzqGEtxPXRSEeUl8=
23,20,ivMbnXEMCNJHlde0OCVgrTpmVHY=,qaLZWCxYJXwj3KUDXFZHHeWmgUc=
30,18,ivMbnXEMCNJHlde0OCVgrTpmVHY=,q0qHZAjcY+pCNFbdNUgyS362c/Q=
29,18,ivMbnXEMCNJHlde0OCVgrTpmVHY=,q0qHZAjcY+pCNFbdNUgyS362c/Q=
25,23,ivMbnXEMCNJHlde0OCVgrTpmVHY=,q0qHZAjcY+pCNFbdNUgyS362c/Q=
24,23,ivMbnXEMCNJHlde0OCVgrTpmVHY=,q0qHZAjcY+pCNFbdNUgyS362c/Q=
28,23,ivMbnXEMCNJHlde0OCVgrTpmVHY=,q0qHZAjcY+pCNFbdNUgyS362c/Q=
28,18,ivMbnXEMCNJHlde0OCVgrTpmVHY=,q0qHZAjcY+pCNFbdNUgyS362c/Q=
24,19,ivMbnXEMCNJHlde0OCVgrTpmVHY=,q0qHZAjcY+pCNFbdNUgyS362c/Q=
31,19,ivMbnXEMCNJHlde0OCVgrTpmVHY=,q0qHZAjcY+pCNFbdNUgyS362c/Q=
27,23,ivMbnXEMCNJHlde0OCVgrTpmVHY=,q0qHZAjcY+pCNFbdNUgyS362c/Q=
31,22,ivMbnXEMCNJHlde0OCVgrTpmVHY=,q0qHZAjcY+pCNFbdNUgyS362c/Q=
26,23,ivMbnXEMCNJHlde0OCVgrTpmVHY=,q0qHZAjcY+pCNFbdNUgyS362c/Q=
27,18,ivMbnXEMCNJHlde0OCVgrTpmVHY=,q0qHZAjcY+pCNFbdNUgyS362c/Q=
23,17,ivMbnXEMCNJHlde0OCVgrTpmVHY=,qaLZWCxYJXwj3KUDXFZHHeWmgUc=
30,22,ivMbnXEMCNJHlde0OCVgrTpmVHY=,q0qHZAjcY+pCNFbdNUgyS362c/Q=
25,22,ivMbnXEMCNJHlde0OCVgrTpmVHY=,q0qHZAjcY+pCNFbdNUgyS362c/Q=
24,22,ivMbnXEMCNJHlde0OCVgrTpmVHY=,q0qHZAjcY+pCNFbdNUgyS362c/Q=
26,24,ivMbnXEMCNJHlde0OCVgrTpmVHY=,o+gq46tcdPOQzqGEtxPXRSEeUl8=
26,18,ivMbnXEMCNJHlde0OCVgrTpmVHY=,q0qHZAjcY+pCNFbdNUgyS362c/Q=
29,22,ivMbnXEMCNJHlde0OCVgrTpmVHY=,q0qHZAjcY+pCNFbdNUgyS362c/Q=
25,18,ivMbnXEMCNJHlde0OCVgrTpmVHY=,q0qHZAjcY+pCNFbdNUgyS362c/Q=
28,22,ivMbnXEMCNJHlde0OCVgrTpmVHY=,q0qHZAjcY+pCNFbdNUgyS362c/Q=
31,21,ivMbnXEMCNJHlde0OCVgrTpmVHY=,q0qHZAjcY+pCNFbdNUgyS362c/Q=
31,18,ivMbnXEMCNJHlde0OCVgrTpmVHY=,q0qHZAjcY+pCNFbdNUgyS362c/Q=
30,21,ivMbnXEMCNJHlde0OCVgrTpmVHY=,q0qHZAjcY+pCNFbdNUgyS362c/Q=
27,22,ivMbnXEMCNJHlde0OCVgrTpmVHY=,q0qHZAjcY+pCNFbdNUgyS362c/Q=
23,24,ivMbnXEMCNJHlde0OCVgrTpmVHY=,nDV2tdMa1Hbxo1FZs8EcZjspPzM=
26,22,ivMbnXEMCNJHlde0OCVgrTpmVHY=,q0qHZAjcY+pCNFbdNUgyS362c/Q=
27,24,ivMbnXEMCNJHlde0OCVgrTpmVHY=,o+gq46tcdPOQzqGEtxPXRSEeUl8=
29,21,ivMbnXEMCNJHlde0OCVgrTpmVHY=,q0qHZAjcY+pCNFbdNUgyS362c/Q=
28,24,ivMbnXEMCNJHlde0OCVgrTpmVHY=,o+gq46tcdPOQzqGEtxPXRSEeUl8=
28,21,ivMbnXEMCNJHlde0OCVgrTpmVHY=,q0qHZAjcY+pCNFbdNUgyS362c/Q=
31,17,ivMbnXEMCNJHlde0OCVgrTpmVHY=,q0qHZAjcY+pCNFbdNUgyS362c/Q=
27,21,ivMbnXEMCNJHlde0OCVgrTpmVHY=,q0qHZAjcY+pCNFbdNUgyS362c/Q=
24,20,ivMbnXEMCNJHlde0OCVgrTpmVHY=,q0qHZAjcY+pCNFbdNUgyS362c/Q=
29,17,ivMbnXEMCNJHlde0OCVgrTpmVHY=,q0qHZAjcY+pCNFbdNUgyS362c/Q=
30,17,ivMbnXEMCNJHlde0OCVgrTpmVHY=,q0qHZAjcY+pCNFbdNUgyS362c/Q=
28,17,ivMbnXEMCNJHlde0OCVgrTpmVHY=,q0qHZAjcY+pCNFbdNUgyS362c/Q=
30,16,ivMbnXEMCNJHlde0OCVgrTpmVHY=,q0qHZAjcY+pCNFbdNUgyS362c/Q=
29,16,ivMbnXEMCNJHlde0OCVgrTpmVHY=,q0qHZAjcY+pCNFbdNUgyS362c/Q=
24,17,ivMbnXEMCNJHlde0OCVgrTpmVHY=,q0qHZAjcY+pCNFbdNUgyS362c/Q=
23,23,ivMbnXEMCNJHlde0OCVgrTpmVHY=,qaLZWCxYJXwj3KUDXFZHHeWmgUc=
24,21,ivMbnXEMCNJHlde0OCVgrTpmVHY=,q0qHZAjcY+pCNFbdNUgyS362c/Q=
25,21,ivMbnXEMCNJHlde0OCVgrTpmVHY=,q0qHZAjcY+pCNFbdNUgyS362c/Q=
25,17,ivMbnXEMCNJHlde0OCVgrTpmVHY=,q0qHZAjcY+pCNFbdNUgyS362c/Q=
26,21,ivMbnXEMCNJHlde0OCVgrTpmVHY=,q0qHZAjcY+pCNFbdNUgyS362c/Q=
27,17,ivMbnXEMCNJHlde0OCVgrTpmVHY=,q0qHZAjcY+pCNFbdNUgyS362c/Q=
26,17,ivMbnXEMCNJHlde0OCVgrTpmVHY=,q0qHZAjcY+pCNFbdNUgyS362c/Q=
23,22,ivMbnXEMCNJHlde0OCVgrTpmVHY=,qaLZWCxYJXwj3KUDXFZHHeWmgUc=
28,16,ivMbnXEMCNJHlde0OCVgrTpmVHY=,q0qHZAjcY+pCNFbdNUgyS362c/Q=
30,20,ivMbnXEMCNJHlde0OCVgrTpmVHY=,q0qHZAjcY+pCNFbdNUgyS362c/Q=
30,24,ivMbnXEMCNJHlde0OCVgrTpmVHY=,o+gq46tcdPOQzqGEtxPXRSEeUl8=
31,24,ivMbnXEMCNJHlde0OCVgrTpmVHY=,o+gq46tcdPOQzqGEtxPXRSEeUl8=
29,24,ivMbnXEMCNJHlde0OCVgrTpmVHY=,o+gq46tcdPOQzqGEtxPXRSEeUl8=
27,16,ivMbnXEMCNJHlde0OCVgrTpmVHY=,q0qHZAjcY+pCNFbdNUgyS362c/Q=
24,18,ivMbnXEMCNJHlde0OCVgrTpmVHY=,q0qHZAjcY+pCNFbdNUgyS362c/Q=
29,20,ivMbnXEMCNJHlde0OCVgrTpmVHY=,q0qHZAjcY+pCNFbdNUgyS362c/Q=
26,16,ivMbnXEMCNJHlde0OCVgrTpmVHY=,q0qHZAjcY+pCNFbdNUgyS362c/Q=
24,16,ivMbnXEMCNJHlde0OCVgrTpmVHY=,q0qHZAjcY+pCNFbdNUgyS362c/Q=
23,21,ivMbnXEMCNJHlde0OCVgrTpmVHY=,qaLZWCxYJXwj3KUDXFZHHeWmgUc=
28,20,ivMbnXEMCNJHlde0OCVgrTpmVHY=,q0qHZAjcY+pCNFbdNUgyS362c/Q=
25,20,ivMbnXEMCNJHlde0OCVgrTpmVHY=,q0qHZAjcY+pCNFbdNUgyS362c/Q=
31,20,ivMbnXEMCNJHlde0OCVgrTpmVHY=,q0qHZAjcY+pCNFbdNUgyS362c/Q=
31,16,ivMbnXEMCNJHlde0OCVgrTpmVHY=,q0qHZAjcY+pCNFbdNUgyS362c/Q=
27,20,ivMbnXEMCNJHlde0OCVgrTpmVHY=,q0qHZAjcY+pCNFbdNUgyS362c/Q=
26,20,ivMbnXEMCNJHlde0OCVgrTpmVHY=,q0qHZAjcY+pCNFbdNUgyS362c/Q=
25,16,ivMbnXEMCNJHlde0OCVgrTpmVHY=,q0qHZAjcY+pCNFbdNUgyS362c/Q=
30,10,WU52MWkkC5gBz+Z1JW4+b4CmsSs=,DEZfRZAyKrZRuuGvMB/gdbG23hA=
31,10,WU52MWkkC5gBz+Z1JW4+b4CmsSs=,DEZfRZAyKrZRuuGvMB/gdbG23hA=
29,10,WU52MWkkC5gBz+Z1JW4+b4CmsSs=,DEZfRZAyKrZRuuGvMB/gdbG23hA=
28,10,WU52MWkkC5gBz+Z1JW4+b4CmsSs=,DEZfRZAyKrZRuuGvMB/gdbG23hA=
26,10,WU52MWkkC5gBz+Z1JW4+b4CmsSs=,DEZfRZAyKrZRuuGvMB/gdbG23hA=
25,10,WU52MWkkC5gBz+Z1JW4+b4CmsSs=,DEZfRZAyKrZRuuGvMB/gdbG23hA=
31,9,WU52MWkkC5gBz+Z1JW4+b4CmsSs=,DEZfRZAyKrZRuuGvMB/gdbG23hA=
30,9,WU52MWkkC5gBz+Z1JW4+b4CmsSs=,DEZfRZAyKrZRuuGvMB/gdbG23hA=
29,9,WU52MWkkC5gBz+Z1JW4+b4CmsSs=,DEZfRZAyKrZRuuGvMB/gdbG23hA=
27,10,WU52MWkkC5gBz+Z1JW4+b4CmsSs=,DEZfRZAyKrZRuuGvMB/gdbG23hA=
28,9,WU52MWkkC5gBz+Z1JW4+b4CmsSs=,DEZfRZAyKrZRuuGvMB/gdbG23hA=
27,9,WU52MWkkC5gBz+Z1JW4+b4CmsSs=,DEZfRZAyKrZRuuGvMB/gdbG23hA=
30,14,WU52MWkkC5gBz+Z1JW4+b4CmsSs=,DEZfRZAyKrZRuuGvMB/gdbG23hA=
31,14,WU52MWkkC5gBz+Z1JW4+b4CmsSs=,DEZfRZAyKrZRuuGvMB/gdbG23hA=
26,9,WU52MWkkC5gBz+Z1JW4+b4CmsSs=,DEZfRZAyKrZRuuGvMB/gdbG23hA=
25,9,WU52MWkkC5gBz+Z1JW4+b4CmsSs=,DEZfRZAyKrZRuuGvMB/gdbG23hA=
29,14,WU52MWkkC5gBz+Z1JW4+b4CmsSs=,DEZfRZAyKrZRuuGvMB/gdbG23hA=
28,14,WU52MWkkC5gBz+Z1JW4+b4CmsSs=,DEZfRZAyKrZRuuGvMB/gdbG23hA=
27,14,WU52MWkkC5gBz+Z1JW4+b4CmsSs=,DEZfRZAyKrZRuuGvMB/gdbG23hA=
26,14,WU52MWkkC5gBz+Z1JW4+b4CmsSs=,DEZfRZAyKrZRuuGvMB/gdbG23hA=
25,14,WU52MWkkC5gBz+Z1JW4+b4CmsSs=,DEZfRZAyKrZRuuGvMB/gdbG23hA=
30,13,WU52MWkkC5gBz+Z1JW4+b4CmsSs=,DEZfRZAyKrZRuuGvMB/gdbG23hA=
29,13,WU52MWkkC5gBz+Z1JW4+b4CmsSs=,DEZfRZAyKrZRuuGvMB/gdbG23hA=
28,13,WU52MWkkC5gBz+Z1JW4+b4CmsSs=,DEZfRZAyKrZRuuGvMB/gdbG23hA=
31,13,WU52MWkkC5gBz+Z1JW4+b4CmsSs=,DEZfRZAyKrZRuuGvMB/gdbG23hA=
27,13,WU52MWkkC5gBz+Z1JW4+b4CmsSs=,DEZfRZAyKrZRuuGvMB/gdbG23hA=
31,12,WU52MWkkC5gBz+Z1JW4+b4CmsSs=,DEZfRZAyKrZRuuGvMB/gdbG23hA=
30,12,WU52MWkkC5gBz+Z1JW4+b4CmsSs=,DEZfRZAyKrZRuuGvMB/gdbG23hA=
25,13,WU52MWkkC5gBz+Z1JW4+b4CmsSs=,DEZfRZAyKrZRuuGvMB/gdbG23hA=
26,13,WU52MWkkC5gBz+Z1JW4+b4CmsSs=,DEZfRZAyKrZRuuGvMB/gdbG23hA=
29,12,WU52MWkkC5gBz+Z1JW4+b4CmsSs=,DEZfRZAyKrZRuuGvMB/gdbG23hA=
28,12,WU52MWkkC5gBz+Z1JW4+b4CmsSs=,DEZfRZAyKrZRuuGvMB/gdbG23hA=
27,12,WU52MWkkC5gBz+Z1JW4+b4CmsSs=,DEZfRZAyKrZRuuGvMB/gdbG23hA=
25,12,WU52MWkkC5gBz+Z1JW4+b4CmsSs=,DEZfRZAyKrZRuuGvMB/gdbG23hA=
31,11,WU52MWkkC5gBz+Z1JW4+b4CmsSs=,DEZfRZAyKrZRuuGvMB/gdbG23hA=
30,11,WU52MWkkC5gBz+Z1JW4+b4CmsSs=,DEZfRZAyKrZRuuGvMB/gdbG23hA=
26,12,WU52MWkkC5gBz+Z1JW4+b4CmsSs=,DEZfRZAyKrZRuuGvMB/gdbG23hA=
29,11,WU52MWkkC5gBz+Z1JW4+b4CmsSs=,DEZfRZAyKrZRuuGvMB/gdbG23hA=
27,11,WU52MWkkC5gBz+Z1JW4+b4CmsSs=,DEZfRZAyKrZRuuGvMB/gdbG23hA=
28,11,WU52MWkkC5gBz+Z1JW4+b4CmsSs=,DEZfRZAyKrZRuuGvMB/gdbG23hA=
26,11,WU52MWkkC5gBz+Z1JW4+b4CmsSs=,DEZfRZAyKrZRuuGvMB/gdbG23hA=
25,11,WU52MWkkC5gBz+Z1JW4+b4CmsSs=,DEZfRZAyKrZRuuGvMB/gdbG23hA=
23,11,WU52MWkkC5gBz+Z1JW4+b4CmsSs=,nDkaJWgfMm6KOT1KaROjyw+eFAU=
24,11,WU52MWkkC5gBz+Z1JW4+b4CmsSs=,DEZfRZAyKrZRuuGvMB/gdbG23hA=
16,12,WU52MWkkC5gBz+Z1JW4+b4CmsSs=,nDkaJWgfMm6KOT1KaROjyw+eFAU=
22,11,WU52MWkkC5gBz+Z1JW4+b4CmsSs=,nDkaJWgfMm6KOT1KaROjyw+eFAU=
21,11,WU52MWkkC5gBz+Z1JW4+b4CmsSs=,nDkaJWgfMm6KOT1KaROjyw+eFAU=
20,11,WU52MWkkC5gBz+Z1JW4+b4CmsSs=,nDkaJWgfMm6KOT1KaROjyw+eFAU=
17,12,WU52MWkkC5gBz+Z1JW4+b4CmsSs=,nDkaJWgfMm6KOT1KaROjyw+eFAU=
19,11,WU52MWkkC5gBz+Z1JW4+b4CmsSs=,nDkaJWgfMm6KOT1KaROjyw+eFAU=
18,11,WU52MWkkC5gBz+Z1JW4+b4CmsSs=,nDkaJWgfMm6KOT1KaROjyw+eFAU=
18,12,WU52MWkkC5gBz+Z1JW4+b4CmsSs=,nDkaJWgfMm6KOT1KaROjyw+eFAU=
24,12,WU52MWkkC5gBz+Z1JW4+b4CmsSs=,DEZfRZAyKrZRuuGvMB/gdbG23hA=
19,12,WU52MWkkC5gBz+Z1JW4+b4CmsSs=,nDkaJWgfMm6KOT1KaROjyw+eFAU=
20,12,WU52MWkkC5gBz+Z1JW4+b4CmsSs=,nDkaJWgfMm6KOT1KaROjyw+eFAU=
17,11,WU52MWkkC5gBz+Z1JW4+b4CmsSs=,nDkaJWgfMm6KOT1KaROjyw+eFAU=
21,12,WU52MWkkC5gBz+Z1JW4+b4CmsSs=,nDkaJWgfMm6KOT1KaROjyw+eFAU=
22,12,WU52MWkkC5gBz+Z1JW4+b4CmsSs=,nDkaJWgfMm6KOT1KaROjyw+eFAU=
24,13,WU52MWkkC5gBz+Z1JW4+b4CmsSs=,DEZfRZAyKrZRuuGvMB/gdbG23hA=
23,12,WU52MWkkC5gBz+Z1JW4+b4CmsSs=,nDkaJWgfMm6KOT1KaROjyw+eFAU=
16,11,WU52MWkkC5gBz+Z1JW4+b4CmsSs=,nDkaJWgfMm6KOT1KaROjyw+eFAU=
23,10,WU52MWkkC5gBz+Z1JW4+b4CmsSs=,nDkaJWgfMm6KOT1KaROjyw+eFAU=
24,10,WU52MWkkC5gBz+Z1JW4+b4CmsSs=,DEZfRZAyKrZRuuGvMB/gdbG23hA=
22,10,WU52MWkkC5gBz+Z1JW4+b4CmsSs=,nDkaJWgfMm6KOT1KaROjyw+eFAU=
24,9,WU52MWkkC5gBz+Z1JW4+b4CmsSs=,DEZfRZAyKrZRuuGvMB/gdbG23hA=
21,10,WU52MWkkC5gBz+Z1JW4+b4CmsSs=,nDkaJWgfMm6KOT1KaROjyw+eFAU=
20,10,WU52MWkkC5gBz+Z1JW4+b4CmsSs=,nDkaJWgfMm6KOT1KaROjyw+eFAU=
22,15,WU52MWkkC5gBz+Z1JW4+b4CmsSs=,nDkaJWgfMm6KOT1KaROjyw+eFAU=
19,10,WU52MWkkC5gBz+Z1JW4+b4CmsSs=,nDkaJWgfMm6KOT1KaROjyw+eFAU=
16,13,WU52MWkkC5gBz+Z1JW4+b4CmsSs=,nDkaJWgfMm6KOT1KaROjyw+eFAU=
21,15,WU52MWkkC5gBz+Z1JW4+b4CmsSs=,nDkaJWgfMm6KOT1KaROjyw+eFAU=
20,15,WU52MWkkC5gBz+Z1JW4+b4CmsSs=,nDkaJWgfMm6KOT1KaROjyw+eFAU=
19,15,WU52MWkkC5gBz+Z1JW4+b4CmsSs=,nDkaJWgfMm6KOT1KaROjyw+eFAU=
17,13,WU52MWkkC5gBz+Z1JW4+b4CmsSs=,nDkaJWgfMm6KOT1KaROjyw+eFAU=
18,15,WU52MWkkC5gBz+Z1JW4+b4CmsSs=,nDkaJWgfMm6KOT1KaROjyw+eFAU=
18,10,WU52MWkkC5gBz+Z1JW4+b4CmsSs=,nDkaJWgfMm6KOT1KaROjyw+eFAU=
17,15,WU52MWkkC5gBz+Z1JW4+b4CmsSs=,nDkaJWgfMm6KOT1KaROjyw+eFAU=
23,14,WU52MWkkC5gBz+Z1JW4+b4CmsSs=,nDkaJWgfMm6KOT1KaROjyw+eFAU=
18,13,WU52MWkkC5gBz+Z1JW4+b4CmsSs=,nDkaJWgfMm6KOT1KaROjyw+eFAU=
22,14,WU52MWkkC5gBz+Z1JW4+b4CmsSs=,nDkaJWgfMm6KOT1KaROjyw+eFAU=
20,13,WU52MWkkC5gBz+Z1JW4+b4CmsSs=,nDkaJWgfMm6KOT1KaROjyw+eFAU=
19,13,WU52MWkkC5gBz+Z1JW4+b4CmsSs=,nDkaJWgfMm6KOT1KaROjyw+eFAU=
23,9,WU52MWkkC5gBz+Z1JW4+b4CmsSs=,nDkaJWgfMm6KOT1KaROjyw+eFAU=
22,9,WU52MWkkC5gBz+Z1JW4+b4CmsSs=,nDkaJWgfMm6KOT1KaROjyw+eFAU=
21,9,WU52MWkkC5gBz+Z1JW4+b4CmsSs=,nDkaJWgfMm6KOT1KaROjyw+eFAU=
21,13,WU52MWkkC5gBz+Z1JW4+b4CmsSs=,nDkaJWgfMm6KOT1KaROjyw+eFAU=
22,13,WU52MWkkC5gBz+Z1JW4+b4CmsSs=,nDkaJWgfMm6KOT1KaROjyw+eFAU=
23,13,WU52MWkkC5gBz+Z1JW4+b4CmsSs=,nDkaJWgfMm6KOT1KaROjyw+eFAU=
16,10,WU52MWkkC5gBz+Z1JW4+b4CmsSs=,nDkaJWgfMm6KOT1KaROjyw+eFAU=
21,14,WU52MWkkC5gBz+Z1JW4+b4CmsSs=,nDkaJWgfMm6KOT1KaROjyw+eFAU=
17,10,WU52MWkkC5gBz+Z1JW4+b4CmsSs=,nDkaJWgfMm6KOT1KaROjyw+eFAU=
20,9,WU52MWkkC5gBz+Z1JW4+b4CmsSs=,nDkaJWgfMm6KOT1KaROjyw+eFAU=
19,9,WU52MWkkC5gBz+Z1JW4+b4CmsSs=,nDkaJWgfMm6KOT1KaROjyw+eFAU=
16,14,WU52MWkkC5gBz+Z1JW4+b4CmsSs=,nDkaJWgfMm6KOT1KaROjyw+eFAU=
20,14,WU52MWkkC5gBz+Z1JW4+b4CmsSs=,nDkaJWgfMm6KOT1KaROjyw+eFAU=
24,14,WU52MWkkC5gBz+Z1JW4+b4CmsSs=,DEZfRZAyKrZRuuGvMB/gdbG23hA=
18,9,WU52MWkkC5gBz+Z1JW4+b4CmsSs=,nDkaJWgfMm6KOT1KaROjyw+eFAU=
19,14,WU52MWkkC5gBz+Z1JW4+b4CmsSs=,nDkaJWgfMm6KOT1KaROjyw+eFAU=
17,14,WU52MWkkC5gBz+Z1JW4+b4CmsSs=,nDkaJWgfMm6KOT1KaROjyw+eFAU=
16,9,WU52MWkkC5gBz+Z1JW4+b4CmsSs=,nDkaJWgfMm6KOT1KaROjyw+eFAU=
17,9,WU52MWkkC5gBz+Z1JW4+b4CmsSs=,nDkaJWgfMm6KOT1KaROjyw+eFAU=
16,15,WU52MWkkC5gBz+Z1JW4+b4CmsSs=,nDkaJWgfMm6KOT1KaROjyw+eFAU=
18,14,WU52MWkkC5gBz+Z1JW4+b4CmsSs=,nDkaJWgfMm6KOT1KaROjyw+eFAU=
25,15,WU52MWkkC5gBz+Z1JW4+b4CmsSs=,DEZfRZAyKrZRuuGvMB/gdbG23hA=
26,15,WU52MWkkC5gBz+Z1JW4+b4CmsSs=,DEZfRZAyKrZRuuGvMB/gdbG23hA=
24,15,WU52MWkkC5gBz+Z1JW4+b4CmsSs=,DEZfRZAyKrZRuuGvMB/gdbG23hA=
27,15,WU52MWkkC5gBz+Z1JW4+b4CmsSs=,DEZfRZAyKrZRuuGvMB/gdbG23hA=
28,15,WU52MWkkC5gBz+Z1JW4+b4CmsSs=,DEZfRZAyKrZRuuGvMB/gdbG23hA=
29,15,WU52MWkkC5gBz+Z1JW4+b4CmsSs=,DEZfRZAyKrZRuuGvMB/gdbG23hA=
30,15,WU52MWkkC5gBz+Z1JW4+b4CmsSs=,DEZfRZAyKrZRuuGvMB/gdbG23hA=
31,15,WU52MWkkC5gBz+Z1JW4+b4CmsSs=,DEZfRZAyKrZRuuGvMB/gdbG23hA=
23,15,WU52MWkkC5gBz+Z1JW4+b4CmsSs=,nDkaJWgfMm6KOT1KaROjyw+eFAU=
19,2,WU52MWkkC5gBz+Z1JW4+b4CmsSs=,0J6x9Tg2ZbKO7ZY0YPQvoMuIncs=
22,3,WU52MWkkC5gBz+Z1JW4+b4CmsSs=,0J6x9Tg2ZbKO7ZY0YPQvoMuIncs=
16,3,WU52MWkkC5gBz+Z1JW4+b4CmsSs=,0J6x9Tg2ZbKO7ZY0YPQvoMuIncs=
17,1,WU52MWkkC5gBz+Z1JW4+b4CmsSs=,0J6x9Tg2ZbKO7ZY0YPQvoMuIncs=
20,2,WU52MWkkC5gBz+Z1JW4+b4CmsSs=,0J6x9Tg2ZbKO7ZY0YPQvoMuIncs=
16,1,WU52MWkkC5gBz+Z1JW4+b4CmsSs=,0J6x9Tg2ZbKO7ZY0YPQvoMuIncs=
18,2,WU52MWkkC5gBz+Z1JW4+b4CmsSs=,0J6x9Tg2ZbKO7ZY0YPQvoMuIncs=
17,3,WU52MWkkC5gBz+Z1JW4+b4CmsSs=,0J6x9Tg2ZbKO7ZY0YPQvoMuIncs=
16,4,WU52MWkkC5gBz+Z1JW4+b4CmsSs=,0J6x9Tg2ZbKO7ZY0YPQvoMuIncs=
17,4,WU52MWkkC5gBz+Z1JW4+b4CmsSs=,0J6x9Tg2ZbKO7ZY0YPQvoMuIncs=
17,0,WU52MWkkC5gBz+Z1JW4+b4CmsSs=,0J6x9Tg2ZbKO7ZY0YPQvoMuIncs=
18,4,WU52MWkkC5gBz+Z1JW4+b4CmsSs=,0J6x9Tg2ZbKO7ZY0YPQvoMuIncs=
18,3,WU52MWkkC5gBz+Z1JW4+b4CmsSs=,0J6x9Tg2ZbKO7ZY0YPQvoMuIncs=
19,4,WU52MWkkC5gBz+Z1JW4+b4CmsSs=,0J6x9Tg2ZbKO7ZY0YPQvoMuIncs=
20,4,WU52MWkkC5gBz+Z1JW4+b4CmsSs=,0J6x9Tg2ZbKO7ZY0YPQvoMuIncs=
16,0,WU52MWkkC5gBz+Z1JW4+b4CmsSs=,0J6x9Tg2ZbKO7ZY0YPQvoMuIncs=
21,4,WU52MWkkC5gBz+Z1JW4+b4CmsSs=,0J6x9Tg2ZbKO7ZY0YPQvoMuIncs=
21,2,WU52MWkkC5gBz+Z1JW4+b4CmsSs=,0J6x9Tg2ZbKO7ZY0YPQvoMuIncs=
22,4,WU52MWkkC5gBz+Z1JW4+b4CmsSs=,0J6x9Tg2ZbKO7ZY0YPQvoMuIncs=
16,5,WU52MWkkC5gBz+Z1JW4+b4CmsSs=,0J6x9Tg2ZbKO7ZY0YPQvoMuIncs=
17,5,WU52MWkkC5gBz+Z1JW4+b4CmsSs=,0J6x9Tg2ZbKO7ZY0YPQvoMuIncs=
19,5,WU52MWkkC5gBz+Z1JW4+b4CmsSs=,0J6x9Tg2ZbKO7ZY0YPQvoMuIncs=
18,5,WU52MWkkC5gBz+Z1JW4+b4CmsSs=,0J6x9Tg2ZbKO7ZY0YPQvoMuIncs=
21,5,WU52MWkkC5gBz+Z1JW4+b4CmsSs=,0J6x9Tg2ZbKO7ZY0YPQvoMuIncs=
22,5,WU52MWkkC5gBz+Z1JW4+b4CmsSs=,0J6x9Tg2ZbKO7ZY0YPQvoMuIncs=
20,5,WU52MWkkC5gBz+Z1JW4+b4CmsSs=,0J6x9Tg2ZbKO7ZY0YPQvoMuIncs=
18,6,WU52MWkkC5gBz+Z1JW4+b4CmsSs=,0J6x9Tg2ZbKO7ZY0YPQvoMuIncs=
19,6,WU52MWkkC5gBz+Z1JW4+b4CmsSs=,0J6x9Tg2ZbKO7ZY0YPQvoMuIncs=
22,2,WU52MWkkC5gBz+Z1JW4+b4CmsSs=,0J6x9Tg2ZbKO7ZY0YPQvoMuIncs=
16,6,WU52MWkkC5gBz+Z1JW4+b4CmsSs=,0J6x9Tg2ZbKO7ZY0YPQvoMuIncs=
20,6,WU52MWkkC5gBz+Z1JW4+b4CmsSs=,0J6x9Tg2ZbKO7ZY0YPQvoMuIncs=
21,6,WU52MWkkC5gBz+Z1JW4+b4CmsSs=,0J6x9Tg2ZbKO7ZY0YPQvoMuIncs=
17,7,WU52MWkkC5gBz+Z1JW4+b4CmsSs=,0J6x9Tg2ZbKO7ZY0YPQvoMuIncs=
16,7,WU52MWkkC5gBz+Z1JW4+b4CmsSs=,0J6x9Tg2ZbKO7ZY0YPQvoMuIncs=
22,6,WU52MWkkC5gBz+Z1JW4+b4CmsSs=,0J6x9Tg2ZbKO7ZY0YPQvoMuIncs=
19,7,WU52MWkkC5gBz+Z1JW4+b4CmsSs=,0J6x9Tg2ZbKO7ZY0YPQvoMuIncs=
18,7,WU52MWkkC5gBz+Z1JW4+b4CmsSs=,0J6x9Tg2ZbKO7ZY0YPQvoMuIncs=
20,7,WU52MWkkC5gBz+Z1JW4+b4CmsSs=,0J6x9Tg2ZbKO7ZY0YPQvoMuIncs=
21,7,WU52MWkkC5gBz+Z1JW4+b4CmsSs=,0J6x9Tg2ZbKO7ZY0YPQvoMuIncs=
17,6,WU52MWkkC5gBz+Z1JW4+b4CmsSs=,0J6x9Tg2ZbKO7ZY0YPQvoMuIncs=
18,0,WU52MWkkC5gBz+Z1JW4+b4CmsSs=,0J6x9Tg2ZbKO7ZY0YPQvoMuIncs=
22,7,WU52MWkkC5gBz+Z1JW4+b4CmsSs=,0J6x9Tg2ZbKO7ZY0YPQvoMuIncs=
16,8,WU52MWkkC5gBz+Z1JW4+b4CmsSs=,nDkaJWgfMm6KOT1KaROjyw+eFAU=
19,0,WU52MWkkC5gBz+Z1JW4+b4CmsSs=,0J6x9Tg2ZbKO7ZY0YPQvoMuIncs=
17,8,WU52MWkkC5gBz+Z1JW4+b4CmsSs=,nDkaJWgfMm6KOT1KaROjyw+eFAU=
19,3,WU52MWkkC5gBz+Z1JW4+b4CmsSs=,0J6x9Tg2ZbKO7ZY0YPQvoMuIncs=
18,1,WU52MWkkC5gBz+Z1JW4+b4CmsSs=,0J6x9Tg2ZbKO7ZY0YPQvoMuIncs=
18,8,WU52MWkkC5gBz+Z1JW4+b4CmsSs=,nDkaJWgfMm6KOT1KaROjyw+eFAU=
20,0,WU52MWkkC5gBz+Z1JW4+b4CmsSs=,0J6x9Tg2ZbKO7ZY0YPQvoMuIncs=
20,8,WU52MWkkC5gBz+Z1JW4+b4CmsSs=,nDkaJWgfMm6KOT1KaROjyw+eFAU=
22,8,WU52MWkkC5gBz+Z1JW4+b4CmsSs=,nDkaJWgfMm6KOT1KaROjyw+eFAU=
19,8,WU52MWkkC5gBz+Z1JW4+b4CmsSs=,nDkaJWgfMm6KOT1KaROjyw+eFAU=
21,8,WU52MWkkC5gBz+Z1JW4+b4CmsSs=,nDkaJWgfMm6KOT1KaROjyw+eFAU=
19,1,WU52MWkkC5gBz+Z1JW4+b4CmsSs=,0J6x9Tg2ZbKO7ZY0YPQvoMuIncs=
20,1,WU52MWkkC5gBz+Z1JW4+b4CmsSs=,0J6x9Tg2ZbKO7ZY0YPQvoMuIncs=
21,0,WU52MWkkC5gBz+Z1JW4+b4CmsSs=,0J6x9Tg2ZbKO7ZY0YPQvoMuIncs=
21,1,WU52MWkkC5gBz+Z1JW4+b4CmsSs=,0J6x9Tg2ZbKO7ZY0YPQvoMuIncs=
20,3,WU52MWkkC5gBz+Z1JW4+b4CmsSs=,0J6x9Tg2ZbKO7ZY0YPQvoMuIncs=
22,1,WU52MWkkC5gBz+Z1JW4+b4CmsSs=,0J6x9Tg2ZbKO7ZY0YPQvoMuIncs=
16,2,WU52MWkkC5gBz+Z1JW4+b4CmsSs=,0J6x9Tg2ZbKO7ZY0YPQvoMuIncs=
22,0,WU52MWkkC5gBz+Z1JW4+b4CmsSs=,0J6x9Tg2ZbKO7ZY0YPQvoMuIncs=
17,2,WU52MWkkC5gBz+Z1JW4+b4CmsSs=,0J6x9Tg2ZbKO7ZY0YPQvoMuIncs=
21,3,WU52MWkkC5gBz+Z1JW4+b4CmsSs=,0J6x9Tg2ZbKO7ZY0YPQvoMuIncs=
31,7,WU52MWkkC5gBz+Z1JW4+b4CmsSs=,QzIoKHfFgXLP3HwpAYReSEkHukA=
29,2,WU52MWkkC5gBz+Z1JW4+b4CmsSs=,QzIoKHfFgXLP3HwpAYReSEkHukA=
27,2,WU52MWkkC5gBz+Z1JW4+b4CmsSs=,QzIoKHfFgXLP3HwpAYReSEkHukA=
26,2,WU52MWkkC5gBz+Z1JW4+b4CmsSs=,QzIoKHfFgXLP3HwpAYReSEkHukA=
28,2,WU52MWkkC5gBz+Z1JW4+b4CmsSs=,QzIoKHfFgXLP3HwpAYReSEkHukA=
30,2,WU52MWkkC5gBz+Z1JW4+b4CmsSs=,QzIoKHfFgXLP3HwpAYReSEkHukA=
25,2,WU52MWkkC5gBz+Z1JW4+b4CmsSs=,QzIoKHfFgXLP3HwpAYReSEkHukA=
30,7,WU52MWkkC5gBz+Z1JW4+b4CmsSs=,QzIoKHfFgXLP3HwpAYReSEkHukA=
31,1,WU52MWkkC5gBz+Z1JW4+b4CmsSs=,QzIoKHfFgXLP3HwpAYReSEkHukA=
24,2,WU52MWkkC5gBz+Z1JW4+b4CmsSs=,QzIoKHfFgXLP3HwpAYReSEkHukA=
29,7,WU52MWkkC5gBz+Z1JW4+b4CmsSs=,QzIoKHfFgXLP3HwpAYReSEkHukA=
30,1,WU52MWkkC5gBz+Z1JW4+b4CmsSs=,QzIoKHfFgXLP3HwpAYReSEkHukA=
29,1,WU52MWkkC5gBz+Z1JW4+b4CmsSs=,QzIoKHfFgXLP3HwpAYReSEkHukA=
24,7,WU52MWkkC5gBz+Z1JW4+b4CmsSs=,QzIoKHfFgXLP3HwpAYReSEkHukA=
23,3,WU52MWkkC5gBz+Z1JW4+b4CmsSs=,0J6x9Tg2ZbKO7ZY0YPQvoMuIncs=
25,7,WU52MWkkC5gBz+Z1JW4+b4CmsSs=,QzIoKHfFgXLP3HwpAYReSEkHukA=
28,1,WU52MWkkC5gBz+Z1JW4+b4CmsSs=,QzIoKHfFgXLP3HwpAYReSEkHukA=
30,6,WU52MWkkC5gBz+Z1JW4+b4CmsSs=,QzIoKHfFgXLP3HwpAYReSEkHukA=
26,7,WU52MWkkC5gBz+Z1JW4+b4CmsSs=,QzIoKHfFgXLP3HwpAYReSEkHukA=
28,7,WU52MWkkC5gBz+Z1JW4+b4CmsSs=,QzIoKHfFgXLP3HwpAYReSEkHukA=
31,6,WU52MWkkC5gBz+Z1JW4+b4CmsSs=,QzIoKHfFgXLP3HwpAYReSEkHukA=
27,7,WU52MWkkC5gBz+Z1JW4+b4CmsSs=,QzIoKHfFgXLP3HwpAYReSEkHukA=
31,2,WU52MWkkC5gBz+Z1JW4+b4CmsSs=,QzIoKHfFgXLP3HwpAYReSEkHukA=
29,6,WU52MWkkC5gBz+Z1JW4+b4CmsSs=,QzIoKHfFgXLP3HwpAYReSEkHukA=
27,1,WU52MWkkC5gBz+Z1JW4+b4CmsSs=,QzIoKHfFgXLP3HwpAYReSEkHukA=
26,1,WU52MWkkC5gBz+Z1JW4+b4CmsSs=,QzIoKHfFgXLP3HwpAYReSEkHukA=
25,1,WU52MWkkC5gBz+Z1JW4+b4CmsSs=,QzIoKHfFgXLP3HwpAYReSEkHukA=
24,1,WU52MWkkC5gBz+Z1JW4+b4CmsSs=,QzIoKHfFgXLP3HwpAYReSEkHukA=
31,8,WU52MWkkC5gBz+Z1JW4+b4CmsSs=,DEZfRZAyKrZRuuGvMB/gdbG23hA=
24,3,WU52MWkkC5gBz+Z1JW4+b4CmsSs=,QzIoKHfFgXLP3HwpAYReSEkHukA=
28,0,WU52MWkkC5gBz+Z1JW4+b4CmsSs=,QzIoKHfFgXLP3HwpAYReSEkHukA=
30,8,WU52MWkkC5gBz+Z1JW4+b4CmsSs=,DEZfRZAyKrZRuuGvMB/gdbG23hA=
29,0,WU52MWkkC5gBz+Z1JW4+b4CmsSs=,QzIoKHfFgXLP3HwpAYReSEkHukA=
28,6,WU52MWkkC5gBz+Z1JW4+b4CmsSs=,QzIoKHfFgXLP3HwpAYReSEkHukA=
27,0,WU52MWkkC5gBz+Z1JW4+b4CmsSs=,QzIoKHfFgXLP3HwpAYReSEkHukA=
30,0,WU52MWkkC5gBz+Z1JW4+b4CmsSs=,QzIoKHfFgXLP3HwpAYReSEkHukA=
25,8,WU52MWkkC5gBz+Z1JW4+b4CmsSs=,DEZfRZAyKrZRuuGvMB/gdbG23hA=
31,0,WU52MWkkC5gBz+Z1JW4+b4CmsSs=,QzIoKHfFgXLP3HwpAYReSEkHukA=
24,8,WU52MWkkC5gBz+Z1JW4+b4CmsSs=,DEZfRZAyKrZRuuGvMB/gdbG23hA=
29,8,WU52MWkkC5gBz+Z1JW4+b4CmsSs=,DEZfRZAyKrZRuuGvMB/gdbG23hA=
25,3,WU52MWkkC5gBz+Z1JW4+b4CmsSs=,QzIoKHfFgXLP3HwpAYReSEkHukA=
26,8,WU52MWkkC5gBz+Z1JW4+b4CmsSs=,DEZfRZAyKrZRuuGvMB/gdbG23hA=
25,0,WU52MWkkC5gBz+Z1JW4+b4CmsSs=,QzIoKHfFgXLP3HwpAYReSEkHukA=
26,0,WU52MWkkC5gBz+Z1JW4+b4CmsSs=,QzIoKHfFgXLP3HwpAYReSEkHukA=
27,8,WU52MWkkC5gBz+Z1JW4+b4CmsSs=,DEZfRZAyKrZRuuGvMB/gdbG23hA=
26,6,WU52MWkkC5gBz+Z1JW4+b4CmsSs=,QzIoKHfFgXLP3HwpAYReSEkHukA=
28,8,WU52MWkkC5gBz+Z1JW4+b4CmsSs=,DEZfRZAyKrZRuuGvMB/gdbG23hA=
28,3,WU52MWkkC5gBz+Z1JW4+b4CmsSs=,QzIoKHfFgXLP3HwpAYReSEkHukA=
26,3,WU52MWkkC5gBz+Z1JW4+b4CmsSs=,QzIoKHfFgXLP3HwpAYReSEkHukA=
27,3,WU52MWkkC5gBz+Z1JW4+b4CmsSs=,QzIoKHfFgXLP3HwpAYReSEkHukA=
23,5,WU52MWkkC5gBz+Z1JW4+b4CmsSs=,0J6x9Tg2ZbKO7ZY0YPQvoMuIncs=
29,3,WU52MWkkC5gBz+Z1JW4+b4CmsSs=,QzIoKHfFgXLP3HwpAYReSEkHukA=
23,4,WU52MWkkC5gBz+Z1JW4+b4CmsSs=,0J6x9Tg2ZbKO7ZY0YPQvoMuIncs=
23,6,WU52MWkkC5gBz+Z1JW4+b4CmsSs=,0J6x9Tg2ZbKO7ZY0YPQvoMuIncs=
27,6,WU52MWkkC5gBz+Z1JW4+b4CmsSs=,QzIoKHfFgXLP3HwpAYReSEkHukA=
30,3,WU52MWkkC5gBz+Z1JW4+b4CmsSs=,QzIoKHfFgXLP3HwpAYReSEkHukA=
31,3,WU52MWkkC5gBz+Z1JW4+b4CmsSs=,QzIoKHfFgXLP3HwpAYReSEkHukA=
23,2,WU52MWkkC5gBz+Z1JW4+b4CmsSs=,0J6x9Tg2ZbKO7ZY0YPQvoMuIncs=
24,4,WU52MWkkC5gBz+Z1JW4+b4CmsSs=,QzIoKHfFgXLP3HwpAYReSEkHukA=
23,7,WU52MWkkC5gBz+Z1JW4+b4CmsSs=,0J6x9Tg2ZbKO7ZY0YPQvoMuIncs=
25,4,WU52MWkkC5gBz+Z1JW4+b4CmsSs=,QzIoKHfFgXLP3HwpAYReSEkHukA=
23,8,WU52MWkkC5gBz+Z1JW4+b4CmsSs=,nDkaJWgfMm6KOT1KaROjyw+eFAU=
26,4,WU52MWkkC5gBz+Z1JW4+b4CmsSs=,QzIoKHfFgXLP3HwpAYReSEkHukA=
27,4,WU52MWkkC5gBz+Z1JW4+b4CmsSs=,QzIoKHfFgXLP3HwpAYReSEkHukA=
29,4,WU52MWkkC5gBz+Z1JW4+b4CmsSs=,QzIoKHfFgXLP3HwpAYReSEkHukA=
28,4,WU52MWkkC5gBz+Z1JW4+b4CmsSs=,QzIoKHfFgXLP3HwpAYReSEkHukA=
30,4,WU52MWkkC5gBz+Z1JW4+b4CmsSs=,QzIoKHfFgXLP3HwpAYReSEkHukA=
31,4,WU52MWkkC5gBz+Z1JW4+b4CmsSs=,QzIoKHfFgXLP3HwpAYReSEkHukA=
24,5,WU52MWkkC5gBz+Z1JW4+b4CmsSs=,QzIoKHfFgXLP3HwpAYReSEkHukA=
23,1,WU52MWkkC5gBz+Z1JW4+b4CmsSs=,0J6x9Tg2ZbKO7ZY0YPQvoMuIncs=
25,5,WU52MWkkC5gBz+Z1JW4+b4CmsSs=,QzIoKHfFgXLP3HwpAYReSEkHukA=
23,0,WU52MWkkC5gBz+Z1JW4+b4CmsSs=,0J6x9Tg2ZbKO7ZY0YPQvoMuIncs=
26,5,WU52MWkkC5gBz+Z1JW4+b4CmsSs=,QzIoKHfFgXLP3HwpAYReSEkHukA=
27,5,WU52MWkkC5gBz+Z1JW4+b4CmsSs=,QzIoKHfFgXLP3HwpAYReSEkHukA=
28,5,WU52MWkkC5gBz+Z1JW4+b4CmsSs=,QzIoKHfFgXLP3HwpAYReSEkHukA=
24,6,WU52MWkkC5gBz+Z1JW4+b4CmsSs=,QzIoKHfFgXLP3HwpAYReSEkHukA=
25,6,WU52MWkkC5gBz+Z1JW4+b4CmsSs=,QzIoKHfFgXLP3HwpAYReSEkHukA=
31,5,WU52MWkkC5gBz+Z1JW4+b4CmsSs=,QzIoKHfFgXLP3HwpAYReSEkHukA=
24,0,WU52MWkkC5gBz+Z1JW4+b4CmsSs=,QzIoKHfFgXLP3HwpAYReSEkHukA=
30,5,WU52MWkkC5gBz+Z1JW4+b4CmsSs=,QzIoKHfFgXLP3HwpAYReSEkHukA=
29,5,WU52MWkkC5gBz+Z1JW4+b4CmsSs=,QzIoKHfFgXLP3HwpAYReSEkHukA=
